ticker,roe_5y_med_sf,roe_5y_med_fmp,roic_5y_med_sf,roic_5y_med_fmp,gross_margin_5y_med_sf,gross_margin_5y_med_fmp,operating_margin_5y_med_sf,operating_margin_5y_med_fmp,fcf_margin_5y_med_sf,fcf_margin_5y_med_fmp,revenue_growth_3yr_sf,revenue_growth_3yr_fmp,revenue_trend_5y_sf,revenue_trend_5y_fmp,ebitda_trend_5y_sf,ebitda_trend_5y_fmp,fcf_trend_5y_sf,fcf_trend_5y_fmp,revenue_cv_5y_sf,revenue_cv_5y_fmp,op_inc_cv_5y_sf,op_inc_cv_5y_fmp,piotroski_f_sf,piotroski_f_fmp,altman_z_sf,altman_z_fmp,n_yrs_history_sf,n_yrs_history_fmp
AAWW,0.15931009812344601,0.1308373840163562,0.0855446279898748,0.07468553294133992,0.4487722004580199,0.24538264585894587,0.24928840938788882,0.11483448169133965,0.20893121489400815,-0.0018768531121732984,0.1902410803217638,0.1902410803217638,0.17021233649356995,0.14628112265707277,0.030688104309354664,0.1465963830739017,-0.160532221938033,0.6237571452060946,0.17164619386398022,0.23888845744479903,0.14792585019761487,0.46869722578365913,6,6,3.19,2.86,3,5
ABG,0.28072887907233574,0.2186940222903501,0.09183526011560694,0.07860073601785664,0.19335820364516096,0.1897634715659381,0.08048629252772498,0.07245010850723702,0.08523794834403657,0.029611540428573176,0.4710866801925542,0.05531572998446155,0.3843161520087938,0.14963615185396692,0.5230671882191136,-0.008736091159203985,-0.47423293675656497,-0.4671658724755253,0.39200260307846096,0.22013411968610352,0.5370388498464915,0.22542115400647708,7,6,3.19,2.31,3,4
ACAD,-0.310356557846824,-0.2261514002537961,-8.315335843075093,-17.509737638313148,0.9604643237046753,0.9487559292265215,-0.3520412273182621,-0.22652671398166419,-0.11947249382151048,-0.12630540958846376,0.3607952473041991,0.3607952473041991,0.20374570445632234,0.24279855556303603,,,,,0.34482927395452695,0.3261830671892333,1.0816282499920091,3.432643914165742,3,4,7.44,8.27,5,4
ACLS,0.19845377620237167,0.23641486393055267,0.4143131301262984,0.5708903391332294,0.43454737467760596,0.4356382924792489,0.207094261026757,0.21896096836954776,0.1315681894807822,0.16997254332616119,0.051844762865829175,0.051844762865829175,0.18485348196567125,0.13690194980022535,0.24475607070859365,0.1476644174932736,0.09436263049538789,-0.07016225873050834,0.3187793523428884,0.21409257317120428,0.4687375128901829,0.2802720416797692,5,4,12.19,13.08,5,4
ACN,0.29189030818770695,0.28495335692167134,0.4926364441490921,0.4456291801162381,0.32336675596647696,0.3235973948721513,0.15207868649544792,0.1493427950063067,0.1432458893724022,0.14178244510223253,0.02645576315757503,0.02645576315757503,0.09583942072592429,0.07565304781676112,0.09767014768747734,0.02919333556517331,0.030605364650133332,0.009549245808656811,0.1606309142644429,0.11033213549175114,0.1779089665227419,0.09969233142341506,4,4,4.38,4.51,5,4
ADMA,-0.32303726773656577,-0.32125609958902995,-0.23628628793583634,-0.2240474401752619,0.2288746105919003,0.2866620017698188,-0.2554841640706127,-0.08585450772707484,-0.4764992211838006,-0.2308559991903336,0.6636538188805401,0.6636538188805401,0.49159416212277873,0.4961086972594188,8.074661983723074,2.8823063052999007,,,0.8034122507689326,0.6517738141489875,208.64437311317724,5.660745961087315,7,7,10.62,10.81,5,4
AGL,-0.39725818090499393,-0.3845217434899104,-1.868947109048528,-1.8971364260388395,0.10789920959267667,0.02967553217570918,-0.04760870748927899,-0.05099091138173607,-0.045598370888747165,-0.05588740183342457,0.5930086616081207,0.5930086616081207,0.40242861307420635,0.43523982986294574,,,,,0.6605535184850588,0.5681361132686422,0.6153616005181993,0.44905462419904835,4,5,1.34,1.33,5,4
AGNC,0.003875499576117234,0.04577699681663966,0.005398110661268556,0.015588576219395226,,1.0,0.9529642332190102,0.5686407325873885,,0.16211773533261695,0.3618799437292832,0.2148197088208057,0.187103594080292,0.17544827586203227,,0.6303234880448666,,-0.8715589051961873,0.3396411019184209,0.559259745149416,0.3512721753493707,1.1610661168352903,5,5,1.4,160.82,5,4
AGX,0.11745880618559867,0.1171719895095468,,,0.16128161394863066,0.18978771097046412,0.09157216947960618,0.08738245283389284,0.18417395064397565,0.052992912813868115,0.38603883035090547,0.060930142072720406,0.18328496416707515,0.06239306568131267,0.2072356669099845,-0.11147871332539674,0.06826395833647333,1.2136454830856973,0.33431977153281234,0.11551702963780394,0.5099086312434065,0.09989769298233489,6,4,5.22,5.69,5,3
ALKS,-0.043294708534366844,0.10363447609602364,-0.05523480151408649,0.2194618088828498,0.8318868311933281,0.8371921444363386,0.08327660636710853,0.1661185109501535,0.0630304042339474,0.13716629186546406,0.1836411958491666,0.1836411958491666,0.11667890692901506,0.1237248580471525,0.5503189954109403,0.41658815110380903,0.6305196028165307,0.6725453047471117,0.21526420421390388,0.19950720187130136,1.49880482597284,0.9441956379023192,6,6,10.04,10.04,5,4
ALSN,0.545823195458232,0.5766873414362098,0.16862496030485868,0.1900968246981697,0.47668609492089925,0.4753973110263411,0.28313470566991694,0.2929676823242501,0.20527131782945737,0.1977690425937042,0.07920359063176896,0.07920359063176896,0.1080891059798578,0.09570466275914591,0.12081262156903795,0.10304259634886513,0.11603530709817532,0.13462726069693012,0.17203417392575945,0.12484628129051971,0.23779663463240844,0.17054904775089097,7,7,4.0,4.12,5,4
ALTM,0.05963036723027113,0.01648062089781057,0.024050401526243402,0.01438107049790276,0.5895287533070362,0.2863663425282794,0.12358851974706814,0.15419726136138123,0.23634380796442533,-0.25095147478591817,0.10545757057868799,0.11323920378332786,0.2726215117020466,0.27861141232669273,0.19472990376307728,0.36258235810213857,0.47574237778053313,,0.4467955979403237,0.45584146377953844,0.7493490230794748,1.0030984482868994,5,1,2.28,5.81,5,5
AMH,0.04009501219430947,0.04830502240524323,0.02475308482097106,0.029198571345537806,0.5539927301222246,0.5413239775091125,0.22217339557500868,0.4954847647915709,0.6564479575776199,0.36741066043149917,0.07693253031192682,0.07693253031192682,0.09783055107419934,0.09159463635714139,0.10461771426034239,0.09239088428557858,0.3275734520685218,0.1271628841797993,0.15534454845582543,0.11925605146422678,0.20547717064566776,0.1292347328377459,7,7,3.45,3.57,5,4
AMPH,0.1728641200927632,0.1939863943582043,0.14338567410655298,0.15227317740130428,0.49873042784681765,0.5047421639771681,0.21543046211624753,0.2480350815431866,0.16113101003271138,0.19333562272366256,0.21115892906655875,0.21115892906655875,0.18229111707519974,0.17776965021653435,0.3950957595343033,0.3271195004527705,0.39047336645711483,0.3402197336814733,0.29052497537075533,0.23205271147686624,0.7051622176049855,0.46111138231387333,7,7,4.88,4.88,5,4
ANET,0.2768104432828062,0.28108431489452945,1.4182485030943872,1.2092341712387473,0.6379767282432344,0.6287304227110637,0.3485500911827741,0.3668675617103788,0.3226282438110512,0.33192185874856495,0.26427972272855316,0.26427972272855316,0.2728398986430556,0.2702779605315586,0.3414519387446198,0.34598938956845215,0.44654147838443464,0.5499115768714681,0.4344395431582381,0.34945835587208496,0.5588472192068057,0.45842937483788,4,4,11.86,11.86,5,4
ANF,0.3125019643100343,0.3176787025206884,0.48653118305825943,0.8893549841103998,0.6227146430910846,0.6259584932760887,0.09240652795973246,0.10281475323728977,0.09695064670453295,0.07764412908474065,0.156835942008414,0.156835942008414,0.1066096481754826,0.10313555170759414,0.30401199121866607,0.29086579423370673,0.2825743471746474,0.6567240634448935,0.1746400955578415,0.14222363929069876,0.8321986008967439,0.6521936794062378,7,7,4.99,5.16,5,4
ANIP,-0.11521716913643332,-0.08098974771051194,-0.07840274088052619,-0.04930071994540988,0.5819306871327498,0.5770413282915525,-0.07468521405444298,-0.0552843177116495,-0.08174020061442795,-0.008695908894415148,0.3935070763955728,0.3935070763955728,0.29380334688962034,0.334244998968542,0.32907258388522975,0.5122326080441371,3.979410544749865,1.7614020971104567,0.4817018109926796,0.4334156446638977,9.023374628654011,5.841314819787267,3,3,3.32,3.35,5,4
APH,0.24593906311827193,0.2499884101530171,0.17363737886811484,0.1768315692559764,0.3191158995484433,0.32221018359900444,0.20655153291610553,0.20659165612487077,0.14231165333122078,0.14152923884081248,0.09815730081795504,0.09815730081795504,0.12464175724333905,0.10118357850639768,0.14690999325764525,0.12414814099621843,0.15275313923960218,0.1799909287078587,0.20415882135945115,0.13998152552340667,0.2450604274977808,0.1721355059971558,5,5,5.19,5.16,5,4
APLD,-0.4687883804218183,-0.7501386158576541,-0.5457572375533583,-0.5780147944262859,0.19865684575389947,0.19865684575389947,-0.7746786539572501,-0.7953314558058926,-1.3096295493934142,-1.3096295493934142,2.9975720786837408,2.9975720786837408,0.9578403362600129,0.9108481793385619,8.018384088097905,9.142230818824414,,,0.9692784916527957,1.2481694065367028,0.8925432837166634,0.9047726128001699,5,5,-0.7,-0.7,4,4
APLE,0.045559158002702625,0.04947783630185935,0.03189139153766479,0.0348871982229495,0.5913707396934068,0.3578646117132901,0.1864218595190473,0.1754462083773964,0.07257120645401015,0.23518502572708655,0.07512106085884218,0.07512106085884218,0.186425261824033,0.1292097064529028,0.2689556280233093,0.17234712713059394,0.4892908371960751,0.13623555125016265,0.3067692635980055,0.17534544736172356,1.0729598031061174,0.42347773709510045,7,6,4.26,4.44,5,4
APP,0.15025399457274566,0.15045376621897386,0.0092176923731046,0.050699841803976214,0.6462376624715729,0.7263058336823567,0.05370942148949699,0.23654819991435888,0.16095621744387228,0.3601707785620079,0.06980230347729188,0.06980230347729188,0.1069756514930118,0.011898334036152758,0.4870851095848307,0.5188039291048211,0.5262557438120167,0.5959601648388928,0.3069065109770245,0.21950998607859182,1.4634849287593896,1.266383536508993,8,8,4.45,4.45,5,4
APY,0.09239662178074963,0.07287925842607762,0.07541143952739199,0.04581914681543217,0.24171623322352268,0.34135153466329204,0.08050083711075401,0.10709340148890231,0.10975538044613434,0.09482426613677691,-0.022852735629350973,,0.1283378826283164,,0.27976323179278983,,0.1551502563882283,,0.24765262171415667,0.05231202156034856,0.8203090628781367,0.28472872533930693,6,4,5.49,4.53,5,2
ARIS,0.002587176431735828,0.024531488022576285,0.00156698491823104,0.01863790710802601,0.5461238708756038,0.42626445210075925,0.21720247476524923,0.23654625172167598,-0.06914691757069762,-0.057641594767073485,0.16469701578121243,0.12987967859332228,0.22294495657997138,0.09919051131283148,0.23959833334098038,-0.11738836644732904,,,0.3546752923398035,0.13165126425253518,0.5736671774684964,0.46262377290072293,8,6,3.94,3.7,5,4
ATO,0.08417507821344147,0.08319543370079568,0.04992614175935345,0.047049597347631825,0.696927357086888,0.4895416032919805,0.2655908014403564,0.25759749327057807,-0.3181968830297855,-0.3190109191680337,-0.004350005563580339,-0.004350005563580339,0.09421860179674935,0.05848798631449798,0.11753731894097026,0.13107566527240094,,,0.16911568147700654,0.10115690901892448,0.20672924149983885,0.19646055039955748,6,6,3.32,3.32,5,4
AYI,0.17167807879329167,0.17466533837091858,0.1637404760778004,0.16907954036448158,0.4261774053741693,0.4298287462071494,0.1265877232933556,0.12538954012495868,0.12939628561307626,0.11741412084756674,-0.020822871728005343,-0.020822871728005343,0.04090581386590328,0.028468640852404047,0.07044305575059182,0.05329463980879892,0.08167053364264935,0.19452492165785415,0.08208757822859458,0.0644432068431307,0.14978860358613838,0.10879335579308848,7,7,7.15,7.15,5,4
BAH,0.568494813177293,0.44618428977028307,0.15518565941101153,0.14816051643180567,0.23213689482470784,0.5350630327907894,0.09510410804727068,0.08192319188875737,0.07604340567612689,0.05690410027701962,0.1374868036748378,0.12906253751224606,0.10951399808965177,0.12187923233024714,0.17415760256943383,0.19834999822527077,0.015114356430538396,-0.5061966965973007,0.1759026647437916,0.12286685080535914,0.41225554412599497,0.3977709266446804,8,6,3.24,2.82,5,3
BILL,-0.04689027041312817,-0.04689027041312817,-0.05522366907156903,-0.05522366907156903,0.7954303055714376,0.7954303055714376,-0.35556477116029844,-0.37887767615663587,0.06683312325500093,0.047687936486287684,0.417653714832356,0.417653714832356,0.44253706566759377,0.44253706566759377,,,1.0278979118327365,1.1135300207889922,0.5754827762113175,0.5754827762113175,0.5539236099641042,0.43171720674896585,6,6,3.72,3.82,4,4
BKNG,0.18857235351246357,0.6438907777627019,0.19573252688172044,0.6360570413359676,,1.0,0.2731102270067868,0.2858236916192506,0.32094547156564474,0.3300624092371574,0.17858301727677373,0.17858301727677373,0.277011307349746,0.23303805774273909,0.3684604819577589,0.2782549767047345,0.44375361480621567,0.28729815638901474,0.44222729137269146,0.30664338676758746,0.64339737849272,0.4007069060280956,5,5,2.38,2.38,5,4
BLD,0.2396008823340114,0.2606849741496299,0.17003595291745877,0.18607072291178434,0.296824712942007,0.30084932271534687,0.15915447066170682,0.16272693148285003,0.11751454541842314,0.11613110650163974,0.0315520842111523,0.0315520842111523,0.15944845231871738,0.12022931475191152,0.2129351237354246,0.17119150346598414,0.23760858230190837,0.2556166350742719,0.2701327053157471,0.18001572793209517,0.36302794155624996,0.2542038986148168,6,6,4.95,5.01,5,4
BMRN,0.03385708189497872,0.0323050565380972,0.03376732301235661,0.0329897662638398,0.760012576101876,0.7700409520302438,0.02527338470324264,0.07679490977676032,0.07046004392093849,0.06329149024651812,0.16686560206537848,0.16686560206537848,0.11556030159144864,0.14523892743220354,0.4990416565565623,0.5837444078654034,0.45599181537355343,0.45198110318302925,0.19228653279527988,0.1889409966857967,1.550645586089077,1.2399483711613004,8,8,10.5,10.42,5,4
BRBR,,,0.15903381642512077,0.34130748607960404,0.31809455243580514,0.313886503224558,0.16594151573408883,0.1636165723584986,0.09908826770864643,0.11367900306478637,0.20643553221934963,0.20643553221934963,0.16750574285751005,0.16190779419253026,0.20357529794145407,0.23072289156621809,0.12973081023449895,0.0698916526781344,0.26764558603055744,0.21268933726999084,0.38736667608511743,0.36433658077597103,6,6,5.15,5.15,5,4
CAG,0.08892042590787905,0.08965842068482821,0.04405179017850761,0.04423224468981005,0.27126910203379934,0.27126910203379934,0.15123535599700133,0.10213289003385653,0.07487824600624837,0.07389095849101861,0.022077905119531893,0.022077905119531893,0.028393678863295548,0.028393678863295548,0.035038212815981136,-0.18266759818957146,0.19137809187274663,0.19492287754423285,0.042027218158905026,0.042027218158905026,0.14003682166495754,0.31474612744704916,8,8,2.66,2.32,4,4
CALX,0.1194470703647552,0.05056704262386719,0.2285035759130862,0.07507225008937321,0.5017451634945674,0.5133027768917802,0.07969122698105643,0.04261663725445041,0.06819312504967662,0.04874039020906625,0.26625751970740685,-0.02114300535631919,0.23456613964359366,0.07350228122954773,0.07130589462059383,-0.82931612134663,-0.4436410574945657,0.1007584959645536,0.23549086846836537,0.17307220932372372,0.2725859773663561,1.86536390243621,4,4,10.05,11.82,3,4
CAMT,0.20528425519451549,0.2067147437252654,0.44371000593840704,0.3868611429268225,0.4981349853073613,0.49363222890476977,0.2539598453144038,0.2528658030860589,0.15426491622235586,0.21841308204060136,0.4349111353822681,0.15652788675800577,0.3316801241112896,0.14176127959061813,0.4946866566391238,0.1402331642216562,0.3057560349890144,0.2585541868186341,0.3395267833614311,0.20265357251820895,0.5379114522729889,0.23258438175305246,6,7,8.62,8.26,3,4
CAPR,-0.638311071875046,-0.8122107433716246,,-72.39244639041445,,-0.8456630684711823,-11.639327383558257,-6.775298026311434,-1.865013460652932,-1.4814781644310553,1.9544013594887417,1.9544013594887417,0.68097514025659,0.706167603325477,,,,,1.2366793761623756,1.033236464529536,0.4132516316909545,0.3255365363404307,3,4,12.71,12.63,5,4
CCF,0.11631156728870926,0.11981632330103077,0.1779415448745581,0.16256026346974808,0.3793583386626327,0.3775471350488239,0.18527387012540997,0.14992704611776256,0.18314029364513384,0.1670902182682841,0.1735890859343221,0.1735890859343221,0.14355791626210332,0.09895281068830064,0.12942754862629213,0.13723558485345938,-0.0013022519270405569,0.03215020476482435,0.19082150223961186,0.17867882955675785,0.15087864365802603,0.24142845903204174,5,5,7.4,7.2,4,5
CCL,-0.49802967647774266,-0.39652496491763944,-0.16212979963279317,-0.0821208660254779,0.0700139699235763,0.1854087864300548,-0.32360917084394775,-0.1346319421721635,-0.5372668255403074,-0.24850556418964692,0.43391988003804216,0.43391988003804216,0.44157049106124213,0.5191082697598347,5.876312186215002,4.505690591935073,,,0.751092242646109,0.6840688662546447,2.3057293131122605,3.4174898462114918,7,7,0.25,0.25,5,4
CL,2.4033437826541273,4.114027329050117,0.29333694474539546,0.2946104236017161,0.5955456058779633,0.5845440581071777,0.22048654295806178,0.21518159373183615,0.158314677687848,0.15727832357949473,0.057720807499638704,0.057720807499638704,0.050843934935507755,0.050863288234185414,0.026400208080448014,0.048329499397513756,0.025961538461505916,0.1265262406283174,0.08116937524846181,0.06682953672713773,0.06823461920158773,0.08535100005048418,8,8,1.83,1.71,5,4
CNC,0.06964024343270935,0.07741856816778232,0.05955008069562926,0.07799446108915792,0.20860258323586767,0.11257118608384815,0.025154448034203407,0.01659342534776212,0.03636879354120113,0.03126166177671255,0.06214504138555843,0.06214504138555843,0.09440844179448712,0.08217781173894297,0.003998624129338641,0.1305348679755987,-0.1576190476189933,-0.2443980151474952,0.15093210626760206,0.10799179230913127,0.060883437820352236,0.38802614252290774,5,4,2.13,2.13,5,4
CNK,-0.7101335428122545,-0.3941770502182651,-0.07494196971371725,-0.020013451153298868,,0.6441372631919868,0.03136839532325742,0.04061985602464751,0.050910294604435614,0.07146754168845817,0.11458991083188419,0.11458991083188419,0.29173361070606957,0.20747118455766345,0.9957979590085834,0.6355548714790223,2.5352197471401117,0.5682719546741039,0.48109149168589166,0.28999583647759575,477.6752932443703,3.2607416203687802,6,6,1.75,1.05,5,4
CNMD,0.07726840097719792,0.07844780696144521,0.036136304262759746,0.03958652698767607,0.5463991383796027,0.5536217525618361,0.09688980224046069,0.10272612035368259,0.08541194012584113,0.09064810545304658,0.1181088446612375,0.1181088446612375,0.10266492393046492,0.0944829558845491,0.17663185465298198,0.132286628289244,0.24524772748197807,0.28824250577723476,0.16541979128740691,0.12675503007503183,0.5402793399834214,0.4362471351574975,8,8,3.88,3.83,5,4
COKE,0.3362502193025205,0.33506053245132683,0.2571520292304354,0.2877221569646218,0.36735523242622065,0.3789561298213058,0.10337872041363938,0.114393658976045,0.06675446553606747,0.06952367637538093,0.054839168279964046,0.054839168279964046,0.08039449289391308,0.07052753172786673,0.20773091169790509,0.18909810223972104,0.14702905865660743,0.17746806839967613,0.12858965320286322,0.09279384544756787,0.4071342107032351,0.3024253269293819,7,7,4.02,4.04,5,4
CORT,0.20778588234947887,0.20754248768127248,0.7656075305658744,0.7509785331121486,0.9855701708845886,0.9860672829027763,0.28028308506985056,0.2513434083032591,0.29838898317316065,0.2942933005460494,0.2960699600520922,0.2960699600520922,0.1664518181319221,0.20936553207863198,0.0006617945132026173,0.020988902564305193,0.03279810182322944,0.060581386200910865,0.2905037813588372,0.2867523380559388,0.09812865600467657,0.10971529340503733,4,4,11.35,11.35,5,4
CPRX,0.22523610836246893,0.2080631276953595,2.5365884998393833,1.6583594158810682,0.8569029082999504,0.852302863896452,0.37196537743284597,0.3843867038953612,0.4214282163981453,0.4539879107020519,0.5151385367529566,0.5151385367529566,0.36754342042459276,0.39734291639817626,0.40946983480088595,0.43882694369832653,0.3917626983165528,0.4076091815553764,0.6027013219017195,0.5200415579978518,0.6377808481746081,0.5595091146926158,5,5,14.53,14.53,5,4
CRUS,0.15647459872354672,0.15111165901858764,0.24389324284290753,0.21276866138901115,0.5165684362744024,0.5120896198201119,0.19309460056235989,0.1919995080748397,0.21428315883033613,0.1595970103556197,-0.0004058544404240694,0.0020831983235272133,0.0607517867869512,0.0020382346857631215,0.08029151475209005,-0.04819535422092516,0.15176041584011934,0.5551558875720407,0.12496265556513073,0.035675761448832465,0.1866007299508918,0.19456501042311633,7,6,17.35,16.63,5,3
CRWD,-0.10624126880719002,-0.12519805061487072,,,0.7374942534519314,0.7359998732427938,-0.08482462355593075,-0.08482462355593075,0.31824394424336283,0.3038694014993173,0.32817067565881963,0.4508498544697168,0.33526404949631167,0.3565210787469398,198.61089030201228,,0.3025713078799121,0.35798822355674914,0.5316038610107117,0.35653514318907126,0.5649403881157158,0.8768493996151331,4,8,3.98,3.62,5,3
CWAN,-0.02745362388555861,-0.035639184697170805,-0.13348928789665027,-0.12228890696710618,0.7277862254124032,0.7192384028263628,0.016864078885790935,0.02197112616874722,0.15285865742370014,0.1592287592154984,0.22024815367377815,0.22024815367377815,0.19425189134195336,0.19312951180690982,0.5563103067544366,-0.2654383119597105,0.6422894036322377,0.4901190112907298,0.3092512079907989,0.2508017961590072,11.805916022373163,2.5806955873478308,5,5,13.46,13.22,5,4
DASH,-0.09808510638297872,-0.09113251702373049,-0.42038805050816136,-0.3133769648229902,0.48311882111546356,0.47583850725721066,-0.09247135842880523,-0.07976202547960239,0.11518003273322422,0.12465488671783562,0.27622125657404295,0.27622125657404295,0.2879960847125431,0.2537173997663969,,,0.5304823581955045,0.592114695340376,0.4556359593964016,0.32792104303895503,0.7032823663204056,0.8171052568116658,7,7,5.38,5.31,5,4
DDOG,-0.01992406860141586,0.0020279684346163635,-0.09334545241834241,0.08481175327277432,0.793001611844069,0.8002040815442393,-0.01862004074713448,-0.017171476077233773,0.268850409804196,0.2703130374198579,0.265881736086365,0.265881736086365,0.3239657245629611,0.28841716337266654,1.0938727106313744,1.4064162347146023,0.4078113496526395,0.3927909703756902,0.5130602843679781,0.37315729834525724,2.9679724146124107,3.40377030220233,5,5,5.87,5.87,5,4
DECK,0.2936974639741361,0.2936974639741361,1.0780890707425943,0.6592638703570946,0.5397815324313209,0.510278735082161,0.19806602737778028,0.17995575755537335,0.20351264750407147,0.12582327392987483,0.17237983151431813,0.16663967379446398,0.1617863677639189,0.15418673073187822,0.12618454349844463,0.24669584983732792,0.27766278941643985,0.8108329521434844,0.256353135060145,0.1548543454332995,0.36861128641756313,0.26467768185977963,7,5,12.05,10.86,5,3
DOCS,0.2006717550996251,0.16372586108007903,1.336749300734902,1.0655970887456045,0.8841879446249141,0.8841879446249141,0.3304807479595282,0.3304807479595282,0.3933842204030781,0.3750247148848812,0.1666898480121921,0.17637537549308901,0.21308746311994228,0.1597798746710265,0.2936840943344911,0.19469412066989214,0.25079078984126885,0.18224109219174783,0.3408911720877852,0.16033950868995542,0.47747404638292035,0.1965141635712582,7,7,16.13,14.82,5,3
DOCU,-0.15787470009898152,-0.15787470009898152,-0.3158880806980694,-0.3158880806980694,0.7869212592635284,0.7869212592635284,-0.023727351679210147,-0.029367700370109714,0.21121310470275192,0.21121310470275192,0.08773323045938519,0.14484934857052711,0.15667020403905893,0.1329725349051487,1.1605760654082755,1.10383997130005,0.3199957598939316,0.37647865709115896,0.2550279766936826,0.13433495142970484,203.47452311481806,1.595707375052841,3,8,2.6,1.82,5,3
DRQ,0.07253723267671766,0.0005958583079574603,0.10896604691129698,0.0008330923365473778,0.33844332807493327,0.2690082442367586,0.1289991116868416,-0.011908387000240815,0.10923001538232521,0.014671295167783129,0.18929528915017757,0.3509514195173662,0.17392823642145527,0.2430820655434512,0.40279109537580077,1.111058846911689,0.8857697981504514,2.6663639312350744,0.2915358701893312,0.3421523960018959,1.2939426589013576,18.249826241953116,5,5,11.13,9.47,5,4
DUOL,-0.1098993133829449,-0.042694145258232834,56.74183215887252,,0.7277560613028459,0.7208445113101707,-0.09901914704136157,-0.09952529771630392,0.11781485541076334,0.20669289204988806,0.42283153837617893,0.42283153837617893,0.35248067047817205,0.34818784879428766,,,0.6871190739148444,0.758761712090789,0.5657484930372606,0.45346741197238916,2.7899824066724657,3.3474299447980975,5,5,7.63,7.85,5,4
EHC,0.2498694062336758,0.21466089353500073,0.11617786953265731,0.08840877754709861,0.458447888027993,0.4142991709329672,0.16414646338415395,0.1625646508833802,0.05575689410980588,0.04837708961138006,0.11158268263825488,0.11158268263825488,0.10582524271843166,0.09769175580835188,0.13678819390390068,0.1611359752624002,0.47739095638249046,0.3207262386524532,0.10606449017460276,0.126989992188864,0.1487933599088997,0.5301145134943096,7,7,3.31,2.68,3,4
EME,0.20570523798163493,0.2310371583735553,0.2300917144275157,0.29889386688029485,0.15861911154191155,0.1588410159896151,0.05590480729871033,0.061597914796160363,0.06631673068622722,0.052886443888917375,0.14677457571140673,0.14677457571140673,0.12487672977517011,0.12877442807550377,0.24072829892084927,0.2983813141360257,0.23090063143530964,0.48845717707783487,0.1990448326876217,0.16738797704757505,0.47244506661282987,0.4550429113769235,6,7,4.21,4.21,5,4
ENS,0.09637273777435502,0.10986209279756842,0.06839677322405675,0.07557673417890205,0.22653905983936165,0.22653905983936165,0.07962079276186378,0.0750586680235206,0.05170497918474974,0.05154696718069104,0.11595422070976014,0.032900924820485455,0.10911878237685342,0.03163366898736972,0.050271109855990134,0.1902676926994428,-0.4350092073141978,1.813003989273265,0.10914573035910952,0.05011943370358431,0.1275424231731489,0.2606855658628823,7,7,5.07,5.52,3,3
ENVA,0.1749885539934031,0.17493046734442463,0.06201683888251053,0.05387678449307705,0.7396441695192464,0.5328970088527731,0.3432209522229865,0.22059926056577228,,0.5097397966037365,0.1698530137355343,0.23730183260755244,0.0740420359509007,0.24515499537786584,0.10864235964155211,0.11644886761887918,,0.35096815451175056,0.1427887287526556,0.3171566871129681,0.20558299497061142,0.20100932740616428,7,6,7.38,7.19,5,4
ESMT,-0.011841251936668785,-0.013710016161027901,-0.013318441993578109,-0.015393324557476478,0.7451359348992047,0.7443141140000913,0.02278294451987964,0.010554750066857013,0.09725226362439188,0.0946313102845466,0.44004597303591986,0.44004597303591986,0.3540187804552898,0.3919902721474837,0.30818698311927195,2.377197254814871,0.5915130813408903,0.7855825475672259,0.3547828483933391,0.5074244810219123,1.3400587816955822,3.7802222294031416,6,6,21.32,15.25,3,4
EXEL,0.0917725600641721,0.09814843332426945,0.16619807100153589,0.23726700201620357,0.9632702741565388,0.9636046602996862,0.12506284674332832,0.1624171352680801,0.18089126696896726,0.1868457611822893,0.1602289901816163,0.1602289901816163,0.1716508689284895,0.13742281163175252,0.35172134779502395,0.2879076083942521,0.24103231908981582,0.24553637761024835,0.2746425613149513,0.17948497921816883,0.7933033130705679,0.628671686106742,8,8,12.26,12.06,5,4
EXLS,0.20749980043555644,0.19803370391057373,0.2259104911548382,0.21556476859018772,0.3727098342519753,0.3742964762881159,0.14339861573174525,0.14114685855005227,0.0975882276465841,0.10901855994569681,0.14101823078265374,0.14101823078265374,0.13101434025718708,0.15770197340593825,0.12365442567802684,0.10629065709652397,0.3264606181067346,0.16173852491592508,0.1310286654806417,0.20426873719235483,0.15668878266263594,0.22593264626087295,6,6,6.7,6.69,3,4
EXPE,0.0944206008583691,0.3368699034471101,0.06043956043956044,0.15295356768483837,0.8579754864146739,0.8677290782022742,0.09994000171423674,0.08672766126324266,0.17011175224600103,0.20410961744467704,0.08327316854643696,0.08327316854643696,0.20411008962571178,0.14062186130994372,0.509841404701201,0.19982542915329685,1.1759962928639025,-0.12655096748451694,0.3354843557550498,0.19040252739358138,2.1902899626022942,0.5472750519330309,8,7,-0.09,-0.41,5,4
EZPW,0.05157502064985357,0.062018190545835704,0.043447025534150016,0.0531085855859501,0.5873552214958307,0.5916532941240331,0.0837800784225225,0.08619137077218916,0.03908713927050128,0.04880267390286268,0.1448713224649658,0.1448713224649658,0.10723789661693968,0.15251534136744796,0.29486167649743344,0.132296949650838,0.3523978955410749,0.38992175942158386,0.18735994774648052,0.19749266819527597,0.6896240961767741,0.44554870340753466,7,7,5.7,5.7,5,4
FI,0.07984094925523857,0.0924123610810944,0.048463719255229486,0.05509408271682695,0.5494164740373231,0.5738492834754783,0.20781417376106445,0.2367339951540479,0.19766406536426961,0.1873936005361962,0.073915905114466,0.073915905114466,0.07964216196640136,0.07642833823047848,0.1658254375866836,0.15697273688876823,0.12516578249333432,0.19392551686978365,0.12594715469932818,0.09870250362972392,0.5053574594459532,0.36989522157411336,8,8,2.41,2.39,5,4
FIX,0.24596593937733205,0.2495249404844454,0.20513464236325998,0.2473433109603998,0.19023519424747828,0.18673661121649443,0.06623331661216827,0.0708327812664441,0.09264283906479562,0.08288352215432629,0.30280802079139946,0.30280802079139946,0.23480850279721274,0.26589385278947597,0.34229465300042033,0.4180715774388222,0.34100235549432883,0.47990605233829364,0.3841105448669285,0.34675369769597186,0.6594351489228157,0.6227389015499556,5,5,3.21,3.21,5,4
FLT,0.2991415625164706,0.31030685693476273,0.13434691328700263,0.11949014963484644,0.7813396554964551,0.79212594737165,0.4384868597498144,0.444066298352629,0.44416894426065184,0.41362189834081275,0.07691366346650463,0.07691366346650463,0.12499829080989192,0.1072851454062438,0.11301808169719448,0.11220661392061108,0.11803137689422949,0.25055601107888387,0.20046344611730083,0.14205327441037452,0.2239079331932216,0.1594539299300005,4,6,1.43,1.44,5,4
FOUR,0.09903270382312299,0.17409253488094223,0.03974856720281013,0.050609715734020524,0.23585473515248795,0.25201189658435375,0.02914325842696629,0.04613091587402833,0.09844054580896686,0.026043226012057493,0.29261235854772205,0.29253474514835776,0.3155277334397016,0.27917679468476225,0.5404382784170716,0.5292832764504108,0.6827259111332115,1.454545454545155,0.4995071606596987,0.3611051162563128,1.9048483274192667,1.1907517360242144,5,5,1.94,1.74,5,4
FSLR,0.07864568991858614,0.10143730111602442,0.10716880127150238,0.13431625888425283,0.25104745564172887,0.32081564660987094,0.1503285412726446,0.2295157132529004,-0.1035555797285126,-0.08839878761310332,0.26722974267718813,0.26722974267718813,0.10726777290634201,0.1392152659859551,0.3543547657189053,0.37684423879566714,,,0.20471280764292307,0.2107798952597822,1.1372040854699645,0.841232608960329,6,6,6.06,7.66,5,4
FTNT,0.7600200400801603,0.9722762489716353,,,0.7667772583320767,0.7662502173414916,0.21845429438131028,0.2267267779061589,0.3281115588355141,0.32724760568830447,0.16114562263747234,0.16114562263747234,0.20091512218590443,0.1835564294802023,0.2967379337286862,0.3029669509175343,0.16411875484655097,0.1473993422522791,0.31862684564659793,0.23836922470105168,0.5046045484954352,0.41903698904548736,7,7,3.33,3.33,5,4
G,0.21495967335269214,0.20484992090344034,0.17475061627259014,0.1569883296196926,0.3514842243682015,0.3530041974725725,0.1409141796712359,0.13373062272586167,0.09725863144219823,0.10386043012032067,0.04431125773000044,0.04431125773000044,0.043624077767788025,0.05308035590258584,0.11546946830052754,0.06985381793165217,0.1563730683921822,-0.05587582434934145,0.045175604852591186,0.06976759659182141,0.16564599908032943,0.1661537290723197,7,7,5.12,5.12,3,4
GAMB,0.15583976773579947,0.15469160362169207,0.23173200392778912,0.21351828283452934,0.9407463320281172,0.9510350662323392,0.2727147222324485,0.23480308029251507,0.28551210076897676,0.10175437317377872,0.28932451026114436,0.28932451026114436,0.3459259781937809,0.32337310806842073,0.3071867721252714,0.44596917200918074,0.28270240654973255,-0.1926901547579421,0.5514770875168797,0.42090996255472946,0.571671516334796,0.819551565099744,6,6,6.66,6.24,5,4
GHC,0.07949695115899363,0.06582991792963366,0.08538981118804798,0.06915039189366332,0.3227869179534783,0.31442992140637666,0.0451960994364722,0.022832092370844145,0.03951638969783303,0.03833131463746989,0.10488468781595728,0.10488468781595728,0.13101724314693808,0.13005867525423767,0.11325892698152039,0.0974517020030828,0.024947877819386125,0.5069823053270369,0.20883392585048663,0.1699062377723902,0.3536388234598499,0.6236280252433893,7,7,5.17,5.06,5,4
GMED,0.06790493508252357,0.05820377203647542,0.09474728499494237,0.07323495107515145,0.7243961664905036,0.6963350311691958,0.14634455453575348,0.13217938063328277,0.16083838919088417,0.13308974868743967,0.5694236588460544,0.5694236588460544,0.2968145261363831,0.3446752359947987,0.21408805761782293,0.16708522363625838,0.23531107134789028,0.27657417378724447,0.5140102827350694,0.47588934322772447,0.24036192968990389,0.22518744770863094,4,4,10.0,7.83,5,4
GRMN,0.17983746491959252,0.1784182301012544,0.25567774718030767,0.2546159729273094,0.58008788240335,0.5787898092431853,0.24456555005774872,0.2280219228897204,0.19674751222942452,0.16890043842855418,0.13823671148925865,0.13823671148925865,0.08738310272636567,0.08068593027518203,0.07966961590394632,0.09121047563229835,0.1145570405521732,0.24527417550075442,0.15009565898212843,0.12255377173341324,0.19499578546318083,0.20538953364938692,6,6,11.84,11.74,5,4
HAL,0.2165576694411415,0.22754800311450496,0.11593775352164613,0.13914180095966372,0.16322609252598907,0.17361686130591125,0.15140168497807557,0.14997448068772867,0.09879224954383525,0.08151205826069971,0.06320899242836031,0.06320899242836031,0.12875654954737636,0.12589449935010155,0.19630610972566107,0.19653462315553835,0.18118790260941092,0.2793864134404116,0.21420521959618327,0.17774012466168104,0.43067306728895505,0.33963245238581175,4,4,4.69,4.78,5,4
HALO,1.2206304748763814,1.632665747458348,0.3487046001515455,0.28725581042334336,0.8163519884505199,0.8026612059153266,0.5390815937577076,0.4751168895891901,0.4501364481044989,0.4557177507058103,0.24020134024848727,0.24020134024848727,0.29254334420634165,0.2557906487883007,0.3096537354620047,0.28026913052297775,0.31065390113814545,0.1888482887830808,0.462843129138062,0.33063738711739676,0.4739854601808394,0.370358308547152,8,8,5.87,5.61,5,4
HCCI,0.1781813504221531,0.058079603127969934,0.17034998934797552,0.06007260268385202,0.30013914519455653,0.21336237447319809,0.14998639563194052,0.05251558450740279,0.06376007815815184,0.05186832893625093,0.32186670073058843,0.32186670073058843,0.2790785813459827,0.13463624636150703,0.5523641533277599,0.41430902131964453,0.2524403669724302,0.37101648605812687,0.2826735703988993,0.2545092078800493,0.7257334267270862,0.9332284284193656,3,3,5.49,4.75,3,5
HIMS,-0.1757139531274251,-0.13956160367749684,-0.4971237397438615,-0.34423997922762933,0.7756872063099242,0.7851087154397085,-0.10180361260310439,-0.08207599789507386,-0.028341523424107774,-0.005108166541142534,0.6739716224583425,0.6739716224583425,0.49386708089788817,0.5031591442590575,,,1.3168305522695727,1.845203569436317,0.8103165351413543,0.6626919860264271,1.9781516238913581,1.9862654574562635,5,5,6.71,6.66,5,4
HRMY,0.22072653624716493,0.2483238755858088,0.39191617169717297,0.40574942281593895,0.8093409918808738,0.8005197937333038,0.2744881296319558,0.2805258877599276,0.3216965688842326,0.3256220109040729,0.27763577606445367,0.27763577606445367,0.31515828989359895,0.26902249012396967,0.34259600360764453,0.22776987216250996,0.42064151373663927,0.25636370050679014,0.4983712433132361,0.3473562584771467,0.6083794596892034,0.35416512721013416,5,5,8.04,8.04,5,4
HROW,-0.34669298831148543,-0.4287069363274195,-0.3064913722267872,-0.30661356001941054,0.7134939895027936,0.7310916053811225,0.02166036458039393,0.021964902749383453,-0.04258149004522109,-0.3141240099048208,0.5010352542400434,0.5010352542400434,0.332750037517377,0.34469827533514613,0.520014579447151,0.5706762313007322,,,0.5484388256747268,0.4623366656746983,1.2159336250194361,1.1903161977713217,5,5,2.62,2.63,5,4
HST,0.09201918883558657,0.09989952958966897,0.06070777788433874,0.06214324757755563,0.36259676284306824,0.5351126007379688,0.13458831808585503,0.1548277206986522,0.21287825475017594,0.15841257194480776,0.07626447544862147,0.07626447544862147,0.2584019204389392,0.18701575138353485,0.49576363241362675,0.27073552425660513,0.33238507055077626,0.49770023790634266,0.4284905074455758,0.2653035628363984,3.7251621656815828,0.9688035179078518,5,5,3.2,2.93,5,4
HUBB,0.2279950741804961,0.23460421472165888,0.16226608561907202,0.16287744475286925,0.2974191070959397,0.31785763918357435,0.14331332484488368,0.16829907154972878,0.13212603994118632,0.12062289381731987,0.06656144006930664,0.06656144006930664,0.10641360871991136,0.09389080294288238,0.34039797852172343,0.218065444441646,0.1512343614102768,0.2190844086462941,0.1706927805953914,0.12459846090759673,0.6567903950385268,0.3172309272099176,7,7,5.69,4.7,5,4
HURN,0.11724514535778356,0.12705239660469425,0.08035091255378563,0.08459436915764171,0.29889616648014905,0.3069632768042564,0.09446046933417086,0.09006002594119757,0.09002934752690786,0.0637142321901904,0.14589570709066235,0.14554287508551877,0.15086185555641862,0.16134614754900534,0.2166622288923005,0.26825041201722577,0.2316284389454167,0.6855894313508295,0.24231159701715269,0.21002108431567298,0.449804195397232,0.4342095972584256,6,6,3.39,3.38,5,4
IDCC,0.12825644444383605,0.2486759206650624,0.6899235651904979,0.8434437177142695,0.8480873700368351,0.8460402598970748,0.33595023088987624,0.36601193105981633,0.381130956279977,0.3067988576025461,0.37738028854808725,0.37738028854808725,0.21486859742776307,0.24701006862616887,0.32057771406462093,0.38756188316854334,0.1535679078468265,0.23427284266596138,0.3763117303540228,0.35182072226013195,0.777879249981567,0.7171142340403887,6,6,5.69,5.69,5,4
INCY,0.07795211068623074,0.09655002153897085,0.24012174551718937,0.34539144558184254,0.9390223102041898,0.9350120365412748,0.1766204614045398,0.17580748591964146,0.12149449257762304,0.155929961029322,0.11776036154124792,0.11776036154124792,0.1135864704638842,0.11358932481652773,0.1586667732546726,-0.2295508907710432,0.2659400683223072,-0.2596662288960397,0.1805105828323444,0.14760674034946877,1.1003882665199782,0.5310177149949424,5,5,6.83,6.32,5,4
INGR,0.1508277130594727,0.16071683725541658,0.0893570650199782,0.10507625903594417,0.21246033071655254,0.20370233493745626,0.11274427927175547,0.10658835929287395,0.08167696676131618,0.05207688057816686,-0.03301413337775805,-0.03301413337775805,0.05700634319136854,0.023950049293457728,0.09062920915911359,0.20105820105816685,0.4089361702125907,0.883076923076737,0.12011154662914464,0.0743754475247401,0.1891914668922127,0.39838796095702356,7,7,5.76,5.62,5,4
INSP,-0.09048442767052145,-0.06371599788246307,-1.006413275030833,-0.5247796225196897,0.8468044504013433,0.8461165701340022,-0.1166882429092621,-0.09057128571065579,0.00163892707894859,0.003851170808706573,0.4029795347993175,0.4029795347993175,0.404318172869695,0.37222035591695085,,,11.130154189630598,1.9834805894057566,0.6422070760350245,0.480968027082517,1.2614844417004134,1.7237721483859725,6,6,15.66,15.66,5,4
IONQ,-0.28720928067333296,-0.2524534511586053,-1.2136137414327581,-1.3810322826104913,0.5769842997203922,0.3769332150436441,-7.430162026577091,-7.430162026577091,-4.52576985870548,-4.803380778820574,0.9671409045679011,0.9671409045679011,0.6833007849893342,0.6833007849893342,,,,,0.9013283641224077,0.9013283641224077,0.8400176258505865,0.65884676875378,4,4,14.98,14.98,5,4
JAZZ,0.06682748185226957,0.01919760292138184,0.053026170000956135,0.012381610609169627,0.8863970200855249,0.8719758051312463,0.15585503536066417,0.10296515614216421,0.27360176975455663,0.25772050632887233,0.05447861733259263,0.05447861733259263,0.12193451209208808,0.08457434607332724,0.10842869560750039,0.2695551317462858,0.12673591274667245,0.21810316060017385,0.2009081760371272,0.11336003652058559,0.42814340420712305,1.032337376665046,7,7,4.08,4.07,5,4
JFIN,9.586718209009534,0.7468524701281887,1.3112088133095574,0.6449565296916222,0.9894063356384862,0.7303912808141668,0.35758618361203803,0.24317021911429204,0.04291056014808925,0.11020376572282964,0.6174302797296309,0.3316340041551529,0.47642778222646825,0.3494424475187745,0.5856796765246445,0.23656280828278112,0.44782136339455914,0.21289833494658364,0.4899652646990211,0.46562561615468556,0.6562550384744652,0.39641983097685757,3,5,8.13,7.88,3,4
LAUR,0.21132599599238272,0.1410579701652166,0.19565583966668368,0.15880002110452882,0.26686210500658825,0.26686210500658825,0.23452953768606874,0.2228129755780771,0.12262728139672363,0.10180703614730457,,0.12299212081441269,,0.12504614396319333,,0.30955591909509295,,1.7091803374391468,0.03817398095520837,0.16390820548361987,0.06338969040734298,0.7019086924455106,8,7,4.48,4.69,2,4
LEN,0.19034880948790917,0.16981276446810578,0.17729286508536013,0.16896836697314538,0.20521397992442209,0.18880834566631588,0.1893892360072414,0.1741440942835752,0.09602147366532812,0.09312039545498663,0.22361392126477497,0.025953509044275735,0.2013822217985627,0.07815869744638669,0.35601971495257073,-0.03716319678870285,-0.15495866963570268,0.035858286550581556,0.20234739663267584,0.11443517745695662,0.36363835504625575,0.15431028786951959,5,3,9.83,8.44,3,4
LFST,-0.13614417467402695,-0.13614417467402695,-0.12303629617025647,-0.12283960831863253,,0.2940231044866437,-0.21183979761997168,-0.21183979761997168,-0.04258395765007478,-0.04258395765007478,0.20639602104140042,0.20639602104140042,0.2030942528447412,0.2030942528447412,,,,,0.26219624156332316,0.26219624156332316,0.5964838663267478,0.5964838663267478,6,6,5.37,5.33,4,4
LNTH,0.06276906699586489,0.17496855976237277,0.047606608985329764,0.23449991249050695,0.5473057143892955,0.5847036870335567,0.038708704565798384,0.15998758402948926,0.27502007437352916,0.2406406067681583,0.2807960147070685,0.2807960147070685,0.3598463626413318,0.35197508332913163,0.7157213132304945,0.7751870537367229,0.5496964053488159,0.510602436993774,0.5787409343593896,0.4605640332103909,1.5349158259223568,1.2564068287694181,5,5,8.33,8.36,5,4
LOPE,0.2854888623341606,0.28705337684949783,0.43290715257186785,0.4627724143409391,0.5847083744029116,0.5309930935545542,0.2684370407801727,0.2636078155117825,0.24423766846530792,0.22546540999931242,0.06467845658203952,0.06467845658203952,0.04758498252316852,0.04828349734898906,-0.00601706295064468,0.0036108447953162024,-0.057858629454762715,-0.03479627811714091,0.07687231805788784,0.06474436281711697,0.07566829574549677,0.08114407055489872,6,6,13.75,13.73,5,4
LRN,0.1328822844307912,0.1328822844307912,0.13803455527569716,0.13991073823509925,0.35290779926894866,0.35290779926894866,0.09146846557280174,0.09146846557280174,0.1125427774480059,0.07845551709864104,0.09978523047590793,0.09978523047590793,0.09354476145328904,0.09354476145328904,0.18255665166958945,0.18255665166958945,0.21852373322971708,0.2805833500012509,0.12112797573149542,0.12112797573149542,0.3398744556337201,0.3398744556337201,8,8,8.09,8.16,4,4
LSI,0.0690117624784301,0.07169926431006639,0.04004656842942542,0.037205193459786325,0.8178361961284105,0.6432691089475582,0.4215733642756146,0.43432981365513246,0.4423490771210997,0.5367818155702384,0.29739263467593346,0.35204554189991866,0.2586830295207774,0.18558799637964082,0.29847914495004385,0.16020006674031556,0.3491095570924433,0.2160766632722068,0.2601487347926247,0.3216571787780422,0.331708220816462,0.3190912372239534,6,6,2.39,2.3,3,5
LULU,0.35595095848755826,0.36112296626021384,0.6589234381069806,0.7172480738639776,0.5767597728932424,0.5799508858501108,0.21972721040779705,0.2174098532459709,0.1495525270477514,0.154260591875763,0.14257641246116481,0.14257641246116481,0.20185481128612537,0.16779153006201805,0.2365542060499312,0.23493714042777525,0.2603705831544785,0.27103190370861774,0.3214050360654462,0.21864468031524084,0.379578125043589,0.32359591483287486,6,6,8.38,8.38,5,4
LYTS,0.1119749623281272,0.1119749623281272,0.08249459222989333,0.08249459222989333,0.2629227039057082,0.2628899312414833,0.06062432700314127,0.06054474247085191,0.08133316275911923,0.08129590001632583,0.015824433310673403,0.015824433310673403,0.11602435664910546,0.11602435664910546,0.2995581401977844,0.29637934861204157,0.34186296324706056,0.3419208063354119,0.1865608406139362,0.1865608406139362,0.5376029009312266,0.5354815082878316,5,5,5.78,5.77,4,4
LYV,0.3489430472665648,5.172985576839833,0.2512151083579655,1.6466478216902525,0.24938903614132635,0.255728329803233,0.035131636481416505,0.03944565348243541,0.04652830575724041,0.06708704412106443,0.17818613114012094,0.17818613114012094,0.41762913945670593,0.32953795393197216,1.5218153995166348,0.43966402264600957,0.5361610125307718,-0.18302248448529918,0.6840908018337638,0.4573067437721801,11.276523959061166,1.2021660815988255,7,7,0.71,0.3,5,4
MASI,0.14810992130047737,0.08344662152891513,0.2852528264380668,0.05361880460541917,0.6496458861589578,0.5050283461990528,0.22256294383473207,0.08490034389985396,0.11471539739442162,0.036250162441636175,0.3341709939030615,0.014290270545214145,0.3028379387603241,0.13901718907985589,0.09791954144996386,-0.8435904474332542,-0.7100299401199903,-0.2481241184767181,0.3325539489182313,0.22157977328945003,0.13629706113135548,2.742396587198519,3,5,4.08,2.94,3,4
MEDP,0.48984125638214754,0.4979039003978901,0.601212382571878,0.7516573841051006,0.2961912224417053,0.29172376549916884,0.1804055404055404,0.1847480503747119,0.24052874117463335,0.2254497466686639,0.2018991188736654,0.2018991188736654,0.20667571512841112,0.2016517440777003,0.2335812509374928,0.24448467184193456,0.23885140214384543,0.27190699708074634,0.32875929682876237,0.2619875596972769,0.3926356766038802,0.33132120342357924,6,6,6.89,3.24,5,4
MELI,0.2638204707170224,0.29260707677824416,0.646887105147558,0.20280895706373597,0.46094238821774075,0.4715658137749186,0.12663040862492178,0.1128977646093069,0.2896670417687165,0.268533057265102,0.3882958948477828,0.3882958948477828,0.36082277713270094,0.3383470120781727,0.431610295681729,0.4480355219935253,0.43988651140789853,0.6126373795410333,0.5745024579714499,0.4388836991270262,0.7547878778350711,0.6359711508667814,5,5,3.21,2.39,5,4
MKC,0.14689286789046044,0.14736878867313652,0.08072462993640785,0.07699473310058355,0.385353302497137,0.3804899861829746,0.1591088240105894,0.15112137893219546,0.09622677989797285,0.09166425336879364,0.02896405487189302,0.02896405487189302,0.04089481797849106,0.02347558752297633,0.011207591231268155,0.02565041515860524,0.012552362971233577,0.13655183188810557,0.07050127771958037,0.032096757484801994,0.06533767948642909,0.08665521630343218,7,7,2.28,2.26,5,4
MNDY,-0.18381421534130893,-0.09306075336313689,,,0.8733960733409054,0.8814386474735965,-0.2928834419656705,-0.17288084965988526,0.021453521864866897,0.1482706369798338,0.3684729061073897,0.3684729061073897,0.37979462392447577,0.34832978695212363,,,0.9183690693761528,0.8418283940261322,0.6025346938623741,0.4499676253704515,0.6460364177110466,0.7622123167548536,6,6,7.51,7.51,5,4
MNST,0.20975868405291892,0.20398243722543513,0.32780621063683707,0.3211486101573413,0.54037571724726,0.5358875541569943,0.27357809711363834,0.2656005371652784,0.20805929725475827,0.2029524598927191,0.0896038333880107,0.0896038333880107,0.11882110140028031,0.10093280238900397,0.04425210497237253,0.046002871163661196,0.08082220576853871,0.1950345995725704,0.18971167944773779,0.13197972301553043,0.09428693474141579,0.09308109079549788,7,7,10.61,10.61,5,4
MOH,0.26223309608540923,0.26053529062870695,,,0.15208773104051898,0.12044804160212841,0.04319134296616001,0.042591981446179636,0.046313688659309696,0.033821759573290304,0.12753956391468013,0.12753956391468013,0.15840860354797326,0.121174712011102,0.13854055496262682,0.15211977935379425,-0.2266866566716445,-0.2969872059429961,0.25568546097786155,0.15977371698379084,0.22530527657559973,0.2101711200058037,5,5,4.15,4.15,5,4
MPWR,0.26229861884379857,0.23538997219284027,0.4702464412304763,0.4683296194990373,0.5607241229341838,0.5641259855669828,0.26453429628262914,0.2544541808992322,0.2827769471251869,0.23855619538003717,0.10912851971984794,0.10912851971984794,0.10638851866608118,0.17210692622794954,0.010732785625339228,0.1663374996863058,0.469938955164558,0.40240509192730545,0.11904439665816456,0.23452694915917624,0.05872150987430615,0.2853952819288932,3,3,14.63,17.25,3,4
MRO,0.11360756520373089,0.0885270447314243,0.08065236436804571,0.0669971671388102,0.889342789739646,0.4059989287627209,0.29309998752065514,0.006070344581324764,0.35205277847873756,0.32058685812392695,0.10679098357562955,0.06953395200278645,0.2302155801769739,0.12868124729316732,0.3176138653769237,0.4097556989949803,0.35927971188479857,0.44178162263258464,0.3614010932748366,0.29858307969623804,1.2722145762246349,7.597805763881842,5,5,3.11,3.11,4,5
NEE,0.08659922271338298,0.12217627893757646,0.036763858476431946,0.04673291430077217,0.7968327071466085,0.5510832945489484,0.26465522031449684,0.24844327868869148,0.026059898872034228,0.023062512951993498,0.08682526573332128,0.08682526573332128,0.11276161963098134,0.13294899441092528,0.15883666750097036,0.2267403121163876,0.8971873510246515,1.5438211725007243,0.2130900093544437,0.20994266095079597,0.5087939535461359,0.5387208525296382,3,3,1.43,1.15,5,4
NET,-0.2410716508943748,-0.27549748990218803,-0.49360417533173223,-0.4825066747278988,0.7655657346210147,0.7682155298877162,-0.1945139284549972,-0.16877642256356312,-0.020519030680621508,0.025673707887876065,0.3084394324524733,0.3084394324524733,0.3099416257033357,0.29239462570769115,,,1.653344197350171,1.5080867425006745,0.4917686722598862,0.37776352110321365,0.25240144247923135,0.1954430255848393,6,6,4.28,4.18,5,4
NEU,0.35609298995556865,0.338709980880895,0.19632137040691386,0.1805021280418151,0.28628356085544904,0.259372983554913,0.15505355479626104,0.1537302908392092,0.10484596438167197,0.10128268598384825,0.003927293944665289,0.003927293944665289,0.07504123266589173,0.046199402859876185,0.1721655429491071,0.237999505756522,0.360997203548669,0.5678514521233643,0.1327397476504106,0.07559744827564638,0.3381641051551912,0.3448929514262604,4,4,5.35,5.3,5,4
NOW,0.06458664546899841,0.10644255782660036,0.145218945487042,0.20064539958582736,0.7828847481021394,0.7843751574642901,0.04899930986887509,0.06696983663101541,0.30108126184371864,0.30267527191113475,0.23129202677938676,0.23129202677938676,0.2127475741060428,0.20534203529123388,0.31872171945694905,0.34665548332976787,0.21680406946146508,0.21420071400233787,0.33774411435498186,0.26610946658972323,0.8286162503950113,0.7348555367465769,7,7,3.28,3.27,5,4
NVDA,0.3664512250112731,0.3664512250112731,0.5964525993883792,0.5964525993883792,0.6492903321691313,0.6492903321691313,0.3730772088875678,0.3730772088875678,0.2990636843278591,0.3021475811845136,1.199518338720932,0.5045199542659526,0.49937018573783776,0.44431669715174116,0.6300621459758765,0.6781085440023626,0.6282646658093645,0.7272272272270942,0.8923291864121612,0.512600741718225,1.2113745717919684,0.965301700668373,7,7,14.01,11.09,5,3
NWPX,0.07065342363125218,0.07668503863509689,0.07615054578347126,0.06431471024806748,0.17669731765923885,0.1811616049211009,0.08941718810662208,0.08706495641574011,0.06954043057732444,0.028634723171065288,0.03740999876303652,0.03740999876303652,0.13018351484862428,0.10750624608984535,0.14960490600179052,0.19316740107112715,0.22695785919118827,1.7953808661431483,0.21957762059258018,0.15936104520376235,0.396283148763235,0.4057258621920482,8,8,7.25,8.14,5,4
OPCH,0.11897241739420318,0.13490896466866767,0.06982724995489585,0.08496887319307037,0.22497584588852507,0.22324256207607657,0.060899147851503334,0.06264445120362079,0.0570977323445511,0.05821919306847466,0.12563602862514056,0.12563602862514056,0.12159524573083239,0.12074574165835741,0.16836434848394108,0.13505374270395432,0.22650342933599454,0.15955464328159988,0.19337132193841391,0.15715842905134336,0.37530604764872244,0.23488947384587183,6,6,3.79,3.79,5,4
OSW,0.06227706745768272,0.06227706745768272,0.04581134746291568,0.04599925228938206,0.15648665449778137,0.15648665449778137,0.049308085595217044,0.04796748147328441,0.05474688669406509,0.05474688669406509,0.280020204313145,0.280020204313145,0.42040822845184767,0.42040822845184767,0.92671577966874,0.9321791179261021,1.3148684610024204,1.3148684610024204,0.5620930190879951,0.5620930190879951,2.345528809282961,2.3859731207225545,8,8,7.07,7.12,4,4
OTTR,0.1807984302058317,0.19233607468631328,0.12640648596824397,0.1326297575608653,0.39143095269238853,0.4047915831449609,0.26812189214009774,0.2737493718866384,0.07070845997288336,0.07884961898972223,-0.04543004073758938,-0.04543004073758938,0.08296329747479006,0.021741177757992846,0.16930033343219142,0.09662415671054851,0.7829447687266943,0.0026100381363452145,0.17626600182268715,0.08093661436451786,0.3594755054653559,0.19109343142945495,6,6,4.19,4.09,5,4
PAY,0.051958027633980115,0.0380215277759471,0.08919701904057861,0.06595366644624891,0.30116237190669637,0.2989497517558836,0.02944392911194649,0.027834948850225933,0.07247188111202243,0.02693769901579741,0.32439063546627134,0.32439063546627134,0.25348037904482407,0.2599929374967954,0.3346308238028562,0.4591250021453485,0.2604129259497094,1.1164450484433615,0.41185328680099415,0.3451092116983916,0.9833637772341082,1.1460876009023948,5,5,12.53,12.53,5,4
PAYC,0.23794887058845415,0.2497403140994634,0.3377601585728444,0.34238318534910117,0.8453315881326352,0.8410988105391286,0.2664580504221527,0.2709180886200351,0.16962862372320955,0.1744509325101986,0.17021400368778372,0.17021400368778372,0.19869214131342122,0.186531513956231,0.2788749666082191,0.27545980700170003,0.2121818143217771,0.18740319283248164,0.3153642242731339,0.24235668317147388,0.46110479765875695,0.3704908920059629,4,4,2.5,2.47,5,4
PCTY,0.15778254212026271,0.15778254212026271,0.25812917609597164,0.25812917609597164,0.6742227313862127,0.6742227313862127,0.11559755068240275,0.11559755068240275,0.20179009508898582,0.15976342670116717,0.2825316889329874,0.2825316889329874,0.25804268273329606,0.25804268273329606,0.39967218022974876,0.39967218022974876,0.3989816191345686,0.49401087139826183,0.3341031815798818,0.3341031815798818,0.6472157336421879,0.6472157336421879,6,6,2.18,2.18,4,4
PEN,0.00553920792681201,0.008856849853906825,0.007558808214553424,0.012420252651923975,0.6319985936891802,0.6339422869862452,0.007179510183170765,0.007473433096633034,-0.02058079963616421,0.030979504549357405,0.18751247816829975,0.18751247816829975,0.17913345637471817,0.16138466576223623,0.7887229158408132,0.2920999649859477,3.1595730113274905,1.7761622613490862,0.2844570620803854,0.21014144200061588,2.124344278422238,1.7788211142110126,5,5,13.85,13.51,5,4
PLTR,-0.14142437454516418,-0.04265194688434848,-42.65065053640721,,0.7856365934525474,0.7940591591635318,-0.08458127543784442,-0.015332131427720188,0.20833146873737343,0.26080960864891534,0.22617931616335096,0.22617931616335096,0.21954169224389314,0.20097703530180544,,,0.8051541248235394,0.507568599636122,0.3496589876812004,0.26307512790717774,2.1973920030297585,8.92519822426467,5,5,13.72,13.28,5,4
PLXS,0.12018557924458813,0.12035200376347763,0.10777727448850954,0.10395101095817934,0.09371150071075611,0.09463996309680806,0.04746205779752562,0.046630312520215766,0.02537293717617061,0.020022397932871493,0.019418463635352934,0.019418463635352934,0.052884737233035585,0.05666787285689919,0.05887679353628511,0.020052298918539064,0.3247367077477634,1.0613812967986413,0.09753694027773088,0.09206084772816947,0.11669497358557199,0.06568128245800102,6,6,4.2,4.2,5,4
PODD,0.030199532626280785,0.15588044053178376,0.016175621028307337,0.0792950893998592,0.6834600200341759,0.6839669958197818,0.11467054969057153,0.12215172643918124,-0.02934191373630583,0.005981921571538323,0.2597889136472802,0.2597889136472802,0.207193522862114,0.21450233281488776,0.3143801806835442,0.33553325747380736,7.7266553480454565,4.363387978141227,0.3320206354905833,0.27921373559246077,0.7739736244160831,0.6770692538631464,8,8,5.51,5.47,5,4
POST,0.08392427752674894,0.08403260314619299,0.03352152501894948,0.033531316379830846,0.280041948905177,0.24913116194811502,0.09592943452138328,0.09230393759907521,0.06381571478828427,0.06368487222491948,,0.16362792273814142,,0.1548350009321683,,0.19183354744448058,,0.17371816638365736,0.0883498243938803,0.2001391712474681,0.1502343140287604,0.3709344378666923,7,7,2.67,2.68,2,4
POWL,0.054333292023507465,0.10212601762389525,0.12964476090424498,0.4509727482392149,0.1824015089710877,0.18531611052824037,0.039481271902163745,0.05148338753696101,0.09535677172852237,0.0420850966505583,0.37871146939404543,0.37871146939404543,0.1881145416576504,0.2640509355183355,0.5844543338135607,0.8112424746930248,0.4383550833997491,0.9841216754944762,0.34314529177835185,0.3573055441120653,1.3658251085473754,1.3203789091586946,6,6,6.71,6.64,5,4
PPC,0.09614788357391682,0.1764001385881914,0.053699987843049767,0.09313366017113006,0.09242638348219294,0.0980727033602927,0.03263586672139854,0.04871873555761062,0.012495093276267166,0.0090916776679697,0.011664994445056864,0.011664994445056864,0.08895357756323187,0.05450785205533194,0.2830784193687384,0.269559143338226,0.5368889160746443,1.049544711124512,0.15477419976487067,0.08379220299924604,0.7985717696492789,0.6935615953302814,7,7,4.67,4.6,5,4
PR,0.05160552595802182,0.09146305000016436,0.03873806563393194,0.06188733236163663,,0.530657761971262,0.4221839710621287,0.35560267235972515,0.6008231931115107,0.1636633783618186,0.5317861928193033,0.5317861928193033,0.4607323547360637,0.45741029873469075,0.48270002023994946,0.47749662832174455,0.5106894996793084,0.02950077400932257,0.7462494840388308,0.5976263299517426,0.8000576709780935,0.532881492523011,7,7,4.77,4.12,5,4
PRIM,0.11996432301201798,0.11843295464376397,0.0797647148011206,0.0730778886398608,0.1060330282397493,0.10690399897117153,0.047939035892054324,0.046463665256798216,0.02785505572760835,0.007075781601596999,0.20010720541813143,0.20011078680954952,0.1695967210384511,0.19804281699072107,0.126666979626301,0.14216138995733762,0.31240827339265703,1.3736992128505008,0.2773721369837246,0.25748890488544174,0.29728706146712536,0.2802223656494465,7,7,2.99,2.98,5,4
PSTG,-0.18991404360921393,0.04827280500498388,-0.9586259370072943,-0.8792078114164023,0.6891924774663203,0.6891924774663203,-0.0451191463137275,0.018918463474975986,0.14115610074613177,0.17047884545476064,0.29437587215160077,0.13927394039338648,0.25312577819497134,0.12552114302005948,6.380290502794222,0.8360261347409447,0.7671398943409731,0.18726848808427024,0.2531681473503301,0.13714359270548654,2.0339843212114506,7.56745970677902,7,6,2.79,4.14,3,3
PTEN,-0.27850242991342533,-0.11406395744480843,-0.21701281119212215,-0.08767292452124283,0.3173838718352375,0.08649000082255179,0.0053068933271673705,-0.04286804841548762,0.0924429578697007,0.07065707928414888,0.4252179231814244,0.4252179231814244,0.38546632773017864,0.400955396687345,0.3984205937592617,0.12913029647251892,0.48857792738710004,0.8308150296898543,0.6218874112631282,0.5179741580372723,6.276509127294755,2.483748092419859,5,5,4.25,3.18,5,4
PYPL,0.2017006317989644,0.1967908507179109,0.21407185628742514,0.2039547242688468,0.5576350025437895,0.4807478217295793,0.22256558395754258,0.16772785048482278,0.19289740254621418,0.1891439712620952,0.07494103063718627,0.07494103063718627,0.09228833574912042,0.075245725468939,0.06699651567943068,0.059400121013039334,0.036983252866609834,0.09049230329312269,0.1473891748303981,0.0971610999680349,0.14580652134478303,0.14832825982998332,6,6,2.91,2.64,5,4
RCL,-0.6617601920583919,-0.19612594291691177,-0.08863310081258793,-0.01127398279981879,0.2515837104072398,0.3461155962108141,-0.08665158371040724,0.060199388000911486,-0.2521493212669683,-0.10521135128096618,0.3655837596152376,0.3655837596152376,0.47619415407611254,0.48991829624349953,1.691617156162803,1.4089102801428914,,,0.7830728477864398,0.6464876879876625,29.066846286694197,6.168072094572572,7,7,0.26,0.24,5,4
REPX,0.17409790155009155,0.21939278786988797,0.11590448313852292,0.13115210775226277,0.9987856091604588,0.6054213815970025,0.49985735121198144,0.44814631908171837,0.1756873138566633,0.17256518027375922,0.12910210299033453,0.12910210299033453,0.45994727244391,0.2641444761435676,0.4405463949641526,0.22176982793093808,0.6485585408902446,0.47406298651651624,0.7717707923607016,0.3652830606019838,0.7689264039856526,0.42535798044543816,6,5,4.01,3.72,5,4
RH,0.6080518806512373,0.6310409011818956,0.29291735186290757,0.17119280022630692,0.4653229311253917,0.47608483260638257,0.16388883623192374,0.16384432170621635,0.14556140398915127,0.020952702318404463,0.14870377305720783,-0.05878487351572781,0.14438246663099408,-0.06771951333914564,0.31731934043554916,-0.29998924138474903,0.07130114063143893,-2.2242132126276166,0.1667185119512993,0.10079635948735548,0.42845080834271226,0.47165072905489924,5,4,4.61,0.89,3,4
RMD,0.2136143111219293,0.2136143111219293,0.1797133333955861,0.1797133333955861,0.5662384889518847,0.5662384889518847,0.28273477503242395,0.280632662862087,0.16317500942123797,0.16317500942123797,0.14430208014571755,0.14430208014571755,0.13033738814969525,0.13033738814969525,0.12769905414194965,0.11313785947156742,0.355352902575399,0.355352902575399,0.16901007751266264,0.16901007751266264,0.18533656273741356,0.16543888367851065,7,7,7.82,8.14,4,4
ROIV,-0.3924500668039117,-0.273410785351882,-59.717257871732905,,0.9135532674931708,0.9274472665127713,-19.952342929186806,-25.437839109713792,-16.256837467362924,-25.29350842344441,0.604783771067195,-0.04008338981484638,0.40059204479900823,-0.20868207454466123,,,,,0.4303746646875944,0.3281538263133598,0.42604180751197196,0.20578422375695887,3,5,18.19,38.19,3,4
SAFE,0.043391237370950186,0.044293521911236367,0.03768508068048877,0.01648322494405266,,0.9876259976142383,0.7808827146630734,0.2940846327700569,-0.14262644199527752,0.07358540358595876,0.31877356781315647,0.16310817169347014,0.2812368421911989,0.21037198342955826,0.28686277826058404,-0.2361448401379445,,,0.29057832782306375,0.28179687401213493,0.31489160589852094,1.7319627260050987,5,4,6.94,3.72,3,4
SATL,-0.7629142131593374,-0.7629142131593374,-2.1638355970069862,-2.0110078439127284,0.528195193570872,0.528195193570872,-11.001795248098205,-11.001795248098205,-7.869717469580765,-7.869717469580765,0.463119462953812,0.463119462953812,0.3605818751316944,0.3605818751316944,,,,,0.4701650351096719,0.4701650351096719,0.41896261371143734,0.22557881988569092,4,4,-8.34,-9.7,5,4
SEAT,0.059692353830582176,0.37292361902121673,0.05775508394657725,0.1618065312390068,0.765926893385354,0.7551829958728324,0.12667548486191307,0.1221067424822495,0.20539951380248261,0.12640371183873,0.2684910921682917,0.13668522276910422,0.23047692420713048,0.17541023557758761,0.10737634664838643,0.044163275901955214,-0.13232109882493276,-0.2447635758878302,0.2315253721459445,0.2305236266156524,0.030191781710912274,0.26353118577357737,5,5,1.37,0.71,3,4
SGFY,-0.01621923937360179,-0.02976190476190476,-0.011859000572503477,-0.023803558005512402,,0.49770717327219127,0.13167968151890982,0.04304503786369071,0.08589802480477722,0.0665877478543948,0.3370177677646031,0.14856181164903481,0.2788340666247902,0.19919450680048867,0.5540622168529511,0.3031904482286311,0.8919249592170072,0.40963030579650705,0.27975863409100826,0.32025409078001216,0.823210636767418,1.0680991611426385,4,4,4.15,3.52,3,5
SJW,0.06114400307266729,0.06760031226957869,0.025073931455779554,0.02770519022710187,0.6092506286465073,0.5717214007846387,0.2047368540226574,0.21696690667461566,0.2584480011713725,-0.1823792471872489,0.08098058059743085,0.09809024107698083,0.06002174313057514,0.08785046299802436,0.0771684796792892,0.10278169071094692,0.22098972052378368,,0.0801936322774699,0.11435542274024883,0.14783571769593917,0.18057638284135613,4,7,1.93,1.79,4,4
SMCI,0.20639089406207167,0.2364552533587223,0.17856253670057287,0.2455181540327498,0.15025993542514776,0.1539618471472541,0.0726398666276985,0.0726398666276985,-0.09352843354216307,-0.04051539433717487,0.6984440992425494,0.6984440992425494,0.4694171181250909,0.385256489238429,0.5801173593711514,0.44469651212325234,,,0.656091312021268,0.5740281494107291,0.7922608435223386,0.6330603949531639,2,2,8.28,8.28,4,4
SMPL,0.07546862922822842,0.07805562546699521,0.06118720328934614,0.06535191758162093,0.3842544360075444,0.3690047209941076,0.16601631011604265,0.16999747119129327,0.12468315345963109,0.12520410199794743,0.06731830278627404,0.06731830278627404,0.11378581023103553,0.08854718883704568,0.13360249194662016,0.060042085369417235,0.25929082694083905,0.20191821734068188,0.1835525034183172,0.1162859327275447,0.24511766114545322,0.08137621681932956,4,4,7.4,7.29,5,4
SN,0.12708822292318117,0.15753751316243247,0.11216486285565329,0.1379861139063213,0.44851482588140706,0.4171989631551659,0.08782074941639181,0.10216720789987291,0.03511358320148764,0.04017283465347593,0.2195270993029188,0.2195270993029188,0.20125680431028298,0.13795505572187386,0.3259945012457603,0.15154053747545146,0.48164789770540295,0.23064038837199496,0.2067590001508144,0.1979051959900705,0.3881831627319566,0.3185271416013808,8,8,4.97,4.97,3,4
SNDL,-0.2760289314126708,-0.15660232735274576,-0.3144353930290703,-0.25227164033787164,0.058241875712656786,0.20328871443626226,-0.8321693272519954,-0.33390819315142456,-0.5545538768529077,-0.02585814121663254,2.5065494971385096,0.1368405582822867,1.191779228425993,0.4295621759971911,,,,,1.380962694622069,0.6265822440382941,0.2373672726910216,0.585770568181182,4,7,10.37,17.17,3,4
SPOT,-0.18458636379447568,-0.09828863804310398,-0.198402817382945,-2.4221852020943744,0.2564354193197227,0.26221646846200475,-0.0336680002374325,-0.011972601723174518,0.028547786550712842,0.039713615457355717,0.1726779257433677,0.15606593474062902,0.1471927588263409,0.155301599920471,1.82696070293574,1.716433941997442,0.6567823802398071,0.8205222734253237,0.23521053904306127,0.20121760624094048,55.34272184843248,10.261000711101248,7,7,3.93,5.38,5,4
STLA,0.23920825902425,0.23047770377358837,0.35482452210001564,0.3336271214510198,0.1972707620844503,0.19681625769632005,0.10613777363831854,0.10953244795459965,0.06970331751276482,0.05902577952916143,0.8643665770721658,-0.06537470975818005,0.48061524178089526,0.019145644349623778,0.559266574222312,-0.13212560655917308,0.41185630309679927,-0.7348167327452039,0.5315894706891288,0.11155650859492669,0.6602770134393047,0.5377177514714616,7,3,3.43,2.38,3,4
STM,0.21567993098242208,0.23444870965951442,0.24108003857280616,0.2766013058137128,0.4173654102343077,0.44538285392667765,0.18971867408510304,0.2281548018097161,0.08831596269884805,0.0861162601837647,0.2562788775046685,-0.09295498746649578,0.22664160785519755,0.018047237736357174,0.4789303079417207,0.009248678378817347,0.32657657657660927,-0.42015780096707106,0.22737673852989268,0.1475809128110778,0.5768577454237227,0.44545567846223816,6,4,7.58,7.59,3,4
SYY,0.9138795764352499,0.9321039133025573,0.13488084870484485,0.13522950126293165,0.18261849579594386,0.18261849579594386,0.036998443699930134,0.036998443699930134,0.028048225784964173,0.02727209728230979,0.07178664657204492,0.07178664657204492,0.13133629593204005,0.13133629593204005,0.19298583670399527,0.1875328590544889,0.18021459980503654,0.18105976023443346,0.1807992490173446,0.1807992490173446,0.31850765692675614,0.31850765692675614,6,6,1.68,1.67,4,4
TAP,0.07062842851932624,0.07343236961960174,0.04981474877159613,0.05079131888263068,0.3899028124193687,0.3816187565143305,0.12187556079678007,0.13219187293060994,0.10842865743527995,0.10427605145957983,0.04236940131028599,0.04236940131028599,0.04974075213383176,0.04552491773827957,0.04238856101863684,0.10859986522209324,0.025683337564502164,0.09902981125416807,0.08145292519580136,0.06319815466802296,0.22869695266897577,0.5916495225895182,9,9,3.62,3.54,5,4
TCOM,0.013114967567466732,0.046833935309861435,0.012742235285488911,0.05207077187997888,0.7794510830201855,0.7936692081057017,0.004391436678697113,0.1294030874797515,0.10694146428238335,0.23204618146638673,0.5404052420365448,0.6308016273605404,0.26844092958364285,0.360593619891706,0.8338697468599532,0.7829344719532892,0.8211506040117283,0.6353110456618719,0.46378938264628455,0.49468511414508487,1.6858196483259547,1.2994301140544877,7,7,4.67,4.66,5,4
TGLS,0.28340723935237705,0.3065897666974019,0.2670015724571712,0.28990991299226554,0.42684802304250485,0.44800364705136586,0.2550054427133358,0.28337270269513765,0.10219157676921885,0.1003533626620701,0.11457641581175815,0.11457641581175815,0.20577423607353165,0.17663886657621874,0.2377114724749982,0.1643145809613763,0.10264623507065002,0.09155877280343998,0.3315717983461342,0.2369829695904328,0.4649131430021612,0.3004200175349784,5,5,7.18,7.19,5,4
TGTX,-0.5379435833253104,-0.6944403575622405,0.22201113382202414,0.22201113382202414,0.8939350477902874,0.8939350477902874,-51.54283151442667,-25.72726437615865,-0.12328725486620223,-22.19571343210233,9.868959970659846,9.868959970659846,0.772924486101317,0.8374327961685993,,,,,1.3632657912954091,1.1491984669295816,1.1359053563355996,1.5027720183313102,3,3,7.84,7.84,5,4
TMUS,0.046890303623898136,0.08613937074004546,0.023386635118116245,0.04179040347828342,0.5867362603622966,0.5803541982565026,0.10313317835577583,0.13381071271665326,-0.00653504417438514,0.04604636064912964,0.01142758571443725,0.01142758571443725,0.03149900526744506,0.003545160755457554,0.09350699531496977,0.11766421631419771,3.631879194630102,2.608966613672006,0.06765548097329953,0.014817416563386686,0.4612068111516905,0.4945343939141008,8,8,2.12,2.15,5,4
TOST,-0.2358490566037736,-0.22824276207998095,-1.835820895522388,-3.021978021978022,0.18711094837056022,0.20144680665617273,-0.13372434017595308,-0.10399024253299595,0.024062095730918498,0.007045710622057489,0.34765891374067426,0.34765891374067426,0.37042033513201217,0.3287534876705498,,,1.5962732919252793,2.592746113989059,0.5863283218763481,0.42450004978072275,0.7865908089161614,0.7720657570757432,7,8,7.49,6.97,5,4
UFPT,0.15702695995330157,0.1645518158384783,0.11371256157398035,0.12865931632089378,0.2551216534008683,0.26781683061972866,0.12567836468885674,0.15036161910718587,0.07710112179807635,0.060111651887925784,0.19405017119221912,0.19405017119221912,0.25664820332142013,0.25688373315667373,0.3350429549025836,0.3054117593091106,0.35091955861175306,0.6796180559004171,0.41333109750817104,0.33806972528102897,0.611610450808609,0.4570221467950741,5,5,5.27,5.23,5,4
UNVR,0.20091603053435114,0.14458336829739027,0.10696702275894102,0.04993768657797873,0.2005807622504537,0.2414925971434298,0.05105133448691731,0.044876918621488564,0.021855172775418173,0.02262380538662033,0.1783127991461262,0.1783127991461262,0.1644856844219665,0.06286868156083988,0.3114163777007651,0.15830541596874748,0.4636788169672581,0.1479142577603855,0.1656729904083189,0.13197963689051742,0.47541906164993736,0.4383164268043015,6,6,4.03,4.03,3,5
URI,0.2980741999433588,0.2981145907465872,0.11486412746916949,0.11668634550782828,0.40078201368523947,0.3739134932372713,0.26510263929618766,0.2670405744624952,0.3786901270772238,0.04738593642477336,0.14807338447273688,0.14807338447273688,0.15316041299418556,0.15343979621825235,0.16041804910415844,0.15878294407539356,0.2704225352112346,-0.056843025797970556,0.24464108138720406,0.20068979335833775,0.3206406378419266,0.2363303291526504,4,4,2.49,2.49,5,4
USLM,0.14148457743671516,0.16556325212753176,0.24202467715125944,0.30271507816810317,0.422128873741777,0.33938391711108407,0.2452616839713614,0.2744489914898217,0.21432125973056554,0.18259810311353486,0.15992253349867114,0.15992253349867114,0.1713308751560729,0.16811966546144222,0.251337213875512,0.27577923593892684,0.27996069619579605,0.4345842919367313,0.2716357067700808,0.21739347619316604,0.5213857885660887,0.4565498037642211,6,6,39.42,39.42,5,4
UTHR,0.1516258246936852,0.15808763469857234,0.25619980273354936,0.2652692169465878,0.9217063471569488,0.908302528426757,0.4785570306526726,0.49226100770871506,0.3427671331921706,0.3319850703554838,0.2190283250711722,0.2190283250711722,0.166353055286101,0.1797682032922481,0.22588015056660193,0.25327906761626995,0.14091764128563714,0.2550769541642315,0.268687588570665,0.23535750782829523,0.38430846113863826,0.3435619165896331,8,8,13.42,13.42,5,4
VC,0.16020671834625322,0.20332459391857277,0.20563847429519072,0.2711239811239811,0.0979765708200213,0.15782532537434035,0.04792332268370607,0.04222786566153579,0.03780617678381257,0.029404849054865782,0.014537567058694911,0.014537567058694911,0.11294904420902308,0.09692661509511255,0.25968992248058126,0.0688405797101377,0.1637931034482671,0.7604743083002478,0.19671480382903278,0.15299832832283108,0.6538908418091518,0.4825464647882592,6,5,4.99,4.32,5,4
VCYT,-0.06891202483506823,-0.0514575005127722,-0.0820908656353207,-0.06143929770049603,0.6471404373398705,0.664954958047641,-0.12734710119513315,-0.18808100426065855,-0.0034194836377370707,0.0457364638418276,0.22606581428518946,0.22606581428518946,0.27705075440098725,0.22474402149874922,,,2.357054155879147,2.249075076174665,0.43932254192361614,0.2905016105638368,1.1997197716097863,0.9842026694952933,7,6,20.23,20.22,5,4
VEC,0.0338000608097046,0.12589720624447154,0.018594148558047474,0.09323404530369167,0.08896554639853417,0.08945197986083189,0.031393400058438714,0.0358478850566222,0.04111981299610459,0.03580132973834751,0.2227470922317203,0.7598705985638783,0.2797814540726104,0.28319485819252227,0.3948094117023953,0.4009997228177134,0.3990435120070297,0.5158791875212754,0.44937431163687575,0.6362352724414297,0.5643949783110808,0.6817169362340767,7,4,2.1,2.6,5,4
VICI,0.09392226144687897,0.09162744290105351,0.06446744938229354,0.061648547841883686,,0.9919047524022477,0.9587220474070027,0.9234964886993413,0.6235464406469937,0.6097257199168894,0.21853794443854024,0.21657991509571928,0.28693726019092686,0.2775865236687897,0.28959669720643266,0.32133800247998223,0.24971353120965617,0.253216253688705,0.4647055138163995,0.369654604853594,0.46928025201559265,0.44404899695328454,6,6,4.32,6.68,5,4
VST,0.07606745604592752,0.06383297700651702,0.03527062999112689,0.010940909542176976,0.48866635090330873,0.27325757585676763,0.1601852661015468,0.19982401308039813,0.19811238311631565,0.04124861152199416,0.12011696025995633,0.042275102156005495,0.10298768248832281,0.09585716447267195,0.2891903147122312,0.48009768009759013,0.521061707106553,1.4989303541713281,0.16621546536221407,0.16016226970607284,1.9846739627112073,1.0229480061684268,7,6,1.31,1.76,5,4
WCC,0.13295740610210452,0.1481691748607432,0.07077691656214154,0.07736213806504905,0.21598804700533486,0.21618380961134637,0.056061744917227346,0.0594444850240587,0.017909154262637814,0.009294689660480427,0.009263770518417536,0.009263770518417536,0.12037999910468668,0.056148737619501864,0.20251538648016407,0.08471092730359982,0.37034956672433833,1.0429776373758717,0.2177242462742025,0.08926274386923283,0.4452323960576353,0.24046948223244136,5,5,4.19,4.19,5,4
WFRD,0.047186932849364795,0.22118622495363466,0.013763896241397565,0.12324202910268756,0.30270145462941583,0.320776238512371,0.0951281459247287,0.12740827938884924,0.07626886145404664,0.07722278579847558,0.12823587322794383,0.12823587322794383,0.1153346183154575,0.13762886597935536,0.331003188619037,0.2735380507342597,0.34562841530050453,0.299108280254718,0.18904726316531378,0.179336816050811,1.1796903497744342,0.6616818973336321,8,8,4.66,4.61,5,4
XERS,-2.094850288799876,-1.69177939879189,-0.7077910506596852,-0.7077910506596852,0.7946992235686815,0.80666167166517,-0.743233437341267,-0.5058639458751432,-0.9380215514113635,-0.6193518081983302,0.35718022964867124,0.35718022964867124,0.43817986795959885,0.3903451260576838,,,,,0.6963911993828236,0.5061860041977179,0.46011095194212015,0.5429028405743741,4,4,0.27,0.27,5,4
XPEL,0.3317858918234153,0.3125685760891074,0.28989862900457464,0.2855550910562741,0.393564058482745,0.4016985935006453,0.15473091031115122,0.16060336461658248,0.07511109204553197,0.05792101970361727,0.13910442799482747,0.13910442799482747,0.2116856215996865,0.15878035557006598,0.21939853339251733,0.14792261238388477,0.3291510782612818,0.566352111333404,0.341004774378678,0.20872098247861753,0.35347461679146175,0.20532416510645163,6,6,12.54,12.54,5,4
YOU,0.004621408474403961,-0.004753602608175776,,,0.6318210290009464,0.6272901412478031,-0.08201615279294268,-0.13111369453269003,0.3118253267921561,0.31799285192925797,0.327170352855473,0.327170352855473,0.31198048780482507,0.3326019270963694,,,0.6216149519776263,0.4797822060128904,0.5031965698653912,0.4296518649018488,4.3319411935938215,4.75240336094137,7,7,1.84,1.66,5,4
ZS,-0.3872334552620817,-0.3872334552620817,-8.58337051911349,-8.58337051911349,0.7772976114675823,0.7765803465592167,-0.22261755730224558,-0.21668695453852715,0.2300816400530531,0.21280043290058653,0.40962980527949555,0.40962980527949555,0.36116255695625643,0.36116255695625643,,,0.4425856940282507,0.4408965681438526,0.4671436735242047,0.4671436735242047,0.3805932127925249,0.38240602877807495,6,6,1.42,1.42,4,4
