ticker,sf,fmp,pct
LW,1624100000.0,1624100000.0,0.0
AXGN,33010000.0,30610000.0,-7.2705240836110265
PANW,6718800000.0,7682700000.0,14.34631184140025
TTEK,1219527000.0,1219527000.0,0.0
VCYT,78633000.0,78633000.0,0.0
CVLT,555050000.0,484928000.0,-12.633456445365281
JLL,7144500000.0,7144500000.0,0.0
HIMS,219478000.0,221367000.0,0.8606785190315202
FLEX,9850000000.0,8539000000.0,-13.30964467005076
ROP,3832200000.0,3832200000.0,0.0
ABCL,76612000.0,76612000.0,0.0
DCTH,6144000.0,6144000.0,0.0
PTLO,135569000.0,135569000.0,0.0
ALLT,43106000.0,35970000.0,-16.5545399712337
LOW,18757000000.0,18757000000.0,0.0
FA,250688000.0,250688000.0,0.0
FWRG,138975000.0,138472000.0,-0.3619355999280446
HOUS,1389000000.0,1389000000.0,0.0
LFST,228886000.0,228886000.0,0.0
XNCR,87432000.0,87432000.0,0.0
INTC,35666000000.0,35666000000.0,0.0
TXRH,828130000.0,828130000.0,0.0
UE,1722320000.0,115047000.0,-93.32023085140972
ADP,45080000000.0,45080000000.0,0.0
AZZ,220992000.0,194306000.0,-12.075550246162758
ROAD,380454000.0,380454000.0,0.0
ROOT,871000000.0,331000000.0,-61.99770378874856
CCS,1543312000.0,434365000.0,-71.85501052282363
PSX,15087000000.0,15087000000.0,0.0
HRI,622000000.0,562000000.0,-9.646302250803858
GBX,1710300000.0,665400000.0,-61.09454481669883
FLGT,72899000.0,72899000.0,0.0
SYK,7616000000.0,7616000000.0,0.0
REGN,4130000000.0,3944300000.0,-4.49636803874092
SVC,556640000.0,706982000.0,27.008838746766312
ATRC,73424000.0,73424000.0,0.0
ARKO,1853783000.0,445490000.0,-75.96860042410573
WLDN,136539000.0,137677000.0,0.8334615018419647
USAC,190678000.0,190678000.0,0.0
MRUS,87076000.0,87076000.0,0.0
CRM,27980000000.0,26631000000.0,-4.821300929235168
MSA,233267000.0,288093000.0,23.503538863191107
ITRI,528265000.0,528265000.0,0.0
SHAK,187313000.0,187313000.0,0.0
BFAM,795112000.0,779399000.0,-1.9761995794303193
PDCO,1299735000.0,1332550000.0,2.524745428875886
EXLS,290116000.0,290116000.0,0.0
ORGO,77477000.0,77477000.0,0.0
NDAQ,7902000000.0,7902000000.0,0.0
Z,413000000.0,831000000.0,101.21065375302662
MAC,5626291000.0,660083000.0,-88.26788376214455
TARS,80612000.0,80612000.0,0.0
OWL,589977000.0,295953000.0,-49.83651905074266
MLM,1002000000.0,1016000000.0,1.3972055888223553
SIBN,27132000.0,27132000.0,0.0
VC,916000000.0,916000000.0,0.0
AME,2098587000.0,2098587000.0,0.0
PRVA,449146000.0,449146000.0,0.0
MTSI,108184000.0,108184000.0,0.0
ARQT,81013000.0,81013000.0,0.0
CTLP,105895000.0,105895000.0,0.0
VSCO,1375000000.0,1375000000.0,0.0
STX,3099000000.0,3099000000.0,0.0
SKX,1958558000.0,2256484000.0,15.211497438421532
HES,2826000000.0,2826000000.0,0.0
AVDX,1332766000.0,1332766000.0,0.0
EAT,622300000.0,622300000.0,0.0
DG,6868702000.0,6868702000.0,0.0
WBA,53883000000.0,26953000000.0,-49.97865746153703
MAT,1315723000.0,1315723000.0,0.0
EA,3459000000.0,3090000000.0,-10.667823070251519
KIDS,36414000.0,33962000.0,-6.7336738617015435
NX,272867000.0,272867000.0,0.0
OUST,78426000.0,78426000.0,0.0
HSAI,226576987.0,1628940000.0,618.9344432406986
AGL,1152006000.0,1152006000.0,0.0
SLQT,174587000.0,174587000.0,0.0
TITN,960956000.0,1152401000.0,19.922348161622384
XNET,127194000.0,126736000.0,-0.3600798779816658
HZO,1069143000.0,1069143000.0,0.0
SBRA,144743000.0,224450000.0,55.06794801821159
TCPC,11261345.0,8405620.0,-25.358649433082814
TDOC,1382230000.0,941535000.0,-31.882899372752725
META,33596000000.0,33596000000.0,0.0
QBTS,29797000.0,30145000.0,1.1679028090076182
LCII,412053000.0,412053000.0,0.0
KMT,415961000.0,415961000.0,0.0
JKHY,633814000.0,535784000.0,-15.466682654532718
MMM,11256000000.0,11256000000.0,0.0
EXR,2677089000.0,1783838000.0,-33.36650369113616
CRUS,195188000.0,186393000.0,-4.5059122487038135
FSS,241800000.0,241800000.0,0.0
WMK,343302000.0,343304000.0,0.0005825774391060931
ADBE,9623000000.0,10521000000.0,9.33180920710797
BKR,12991000000.0,12991000000.0,0.0
APLD,554112000.0,554112000.0,0.0
CNMD,278130000.0,278130000.0,0.0
EXE,3123000000.0,3123000000.0,0.0
RDWR,168470000.0,168470000.0,0.0
VICI,679910000.0,679910000.0,0.0
ALSN,601000000.0,506000000.0,-15.806988352745424
MPLN,213790000.0,213790000.0,0.0
MNKD,84360000.0,81837000.0,-2.9907539118065434
AVAV,144879000.0,144879000.0,0.0
APPS,222526000.0,236024000.0,6.065808040408761
MTW,474300000.0,474300000.0,0.0
PEGA,618588000.0,1086058000.0,75.570492799731
CCL,11617000000.0,11617000000.0,0.0
LASR,34235000.0,34235000.0,0.0
GWW,2305000000.0,2305000000.0,0.0
NGVC,164130000.0,164130000.0,0.0
HQY,146322000.0,117091000.0,-19.977173630759555
SSNC,4354300000.0,4354300000.0,0.0
AGCO,3826000000.0,3826000000.0,0.0
ITGR,219821000.0,227173000.0,3.344539420710487
EPRT,109038000.0,90753000.0,-16.76938315082815
IRMD,8512000.0,8512308.0,0.0036184210526315794
TPL,93962000.0,60400000.0,-35.71869479151146
YEXT,344714000.0,267774000.0,-22.319952192252128
CL,5759000000.0,5759000000.0,0.0
MXL,182284000.0,182284000.0,0.0
CHWY,2206700000.0,2206723000.0,0.0010422803280917207
URI,3323000000.0,3323000000.0,0.0
ITCI,166697000.0,205704000.0,23.399941210699655
DUK,19357000000.0,19357000000.0,0.0
GVA,1031959000.0,1031959000.0,0.0
BKNG,15647000000.0,15647000000.0,0.0
MOH,7896000000.0,7896000000.0,0.0
FOLD,140247000.0,148702000.0,6.028649454177272
NXST,746000000.0,783000000.0,4.959785522788204
HURN,338820000.0,338820000.0,0.0
IRDM,169214000.0,169214000.0,0.0
APPN,332780000.0,354756000.0,6.6037622453272435
TEVA,12796000000.0,12796000000.0,0.0
SHO,88878000.0,94653000.0,6.497670964693175
ALKT,45570000.0,45570000.0,0.0
GOOG,89122000000.0,89122000000.0,0.0
APH,4083800000.0,4083800000.0,0.0
KFY,934519000.0,934519000.0,0.0
BKE,213932000.0,213932000.0,0.0
TT,6068900000.0,6068900000.0,0.0
WDFC,103500000.0,103500000.0,0.0
SMWB,170269000.0,177192000.0,4.065919221937053
SBTX,23440000.0,23440000.0,0.0
PEB,658732000.0,355174000.0,-46.082169987187505
DXCM,2932000000.0,2932000000.0,0.0
CSV,71883000.0,58041000.0,-19.256291473644673
PINS,398133000.0,398133000.0,0.0
CROX,740208000.0,740208000.0,0.0
QNST,117026000.0,126398000.0,8.008476748756687
LXP,1695860000.0,135405000.0,-92.01555552934794
SMP,466065000.0,436472000.0,-6.34954351860792
IEX,629700000.0,629700000.0,0.0
LFUS,433905000.0,433905000.0,0.0
WNC,308409000.0,308409000.0,0.0
SAIA,278360000.0,278360000.0,0.0
SNPS,2555329000.0,2650120000.0,3.7095419024321328
ZBRA,1704000000.0,1704000000.0,0.0
STE,1022300000.0,931127000.0,-8.918419250709185
ENSG,743428000.0,743428000.0,0.0
RXST,24902000.0,25876000.0,3.9113324230985467
PAYC,3886400000.0,3906800000.0,0.5249073692877727
PCTY,3117360000.0,3117360000.0,0.0
BNTC,4449000.0,4924000.0,10.676556529557203
MCRI,146463000.0,146463000.0,0.0
BURL,2272511000.0,2272511000.0,0.0
YELP,154974000.0,154974000.0,0.0
UI,284791000.0,284791000.0,0.0
FLS,1434525000.0,1468084000.0,2.339380631219393
LITE,269300000.0,269300000.0,0.0
WLK,2219000000.0,2219000000.0,0.0
RGTI,104962000.0,11867000.0,-88.69400354413979
CPRT,688127000.0,628567000.0,-8.655379021605023
XERS,100443000.0,100443000.0,0.0
LCID,1165291000.0,1165291000.0,0.0
JAZZ,1038573000.0,1038573000.0,0.0
SFM,679968000.0,679968000.0,0.0
HIMX,706634000.0,706634000.0,0.0
DOCS,156257000.0,147250000.0,-5.764221762865024
BLKB,1252055000.0,1252097000.0,0.0033544852262879826
BMBL,539496000.0,138570000.0,-74.31491614395658
ARE,3034523000.0,1957829000.0,-35.481490830684095
MPLX,3190000000.0,3235000000.0,1.4106583072100314
BILL,4247200000.0,4063024000.0,-4.336409870032021
GPRE,403605000.0,385687000.0,-4.439489104446179
UAN,111349000.0,111349000.0,0.0
ARDX,77830000.0,77830000.0,0.0
CAT,32272000000.0,32272000000.0,0.0
INCY,1598190000.0,1641847000.0,2.731652682096622
EHAB,126200000.0,126200000.0,0.0
EXPD,2066473000.0,2066473000.0,0.0
ELF,177056000.0,299115000.0,68.93807608892102
ESAB,632051000.0,632051000.0,0.0
PR,1270121000.0,1327337000.0,4.504767655994979
NEM,7543000000.0,7543000000.0,0.0
OGN,2718000000.0,2718000000.0,0.0
EGP,147342000.0,168560000.0,14.400510377217628
GNRC,1226412000.0,1033152000.0,-15.758162835980077
SEMR,114088000.0,114088000.0,0.0
GPS,3256000000.0,3256000000.0,0.0
DORM,549842000.0,563802000.0,2.53891117812026
CSGS,633343000.0,615209000.0,-2.863219456124091
ARMK,4214210000.0,4214210000.0,0.0
OSIS,814637000.0,814637000.0,0.0
GILD,12004000000.0,12004000000.0,0.0
PGY,131528000.0,195494000.0,48.63299069399672
GTY,106305000.0,303202000.0,185.21894548704202
EPD,15177000000.0,15177000000.0,0.0
SYY,9241000000.0,9241000000.0,0.0
PCOR,728032000.0,728032000.0,0.0
SBAC,1797936000.0,1797936000.0,0.0
ELS,3423074000.0,694230000.0,-79.71910627698962
XPEL,41518000.0,41518000.0,0.0
AL,2590291000.0,1409550000.0,-45.583334073275935
WERN,355749000.0,355749000.0,0.0
KRG,3433590000.0,206660000.0,-93.98122664616334
NBIX,507700000.0,507700000.0,0.0
WING,126320000.0,87443000.0,-30.77659911336289
BRP,1050799000.0,1056434000.0,0.5362585994086405
NVTS,21144000.0,21144000.0,0.0
GPK,1903000000.0,1903000000.0,0.0
PLAY,433900000.0,433900000.0,0.0
WWW,533100000.0,533100000.0,0.0
CRMT,252046000.0,372085000.0,47.62583020559739
SKYW,1429591000.0,1429591000.0,0.0
SONO,366153000.0,366153000.0,0.0
ERII,21408000.0,23428000.0,9.435724962630793
TMDX,57186000.0,59913000.0,4.768649669499528
NSA,119140000.0,561969000.0,371.687930166191
AMAT,8468000000.0,8468000000.0,0.0
IIIV,164731000.0,164731000.0,0.0
TDY,1261600000.0,1261600000.0,0.0
TOL,3969568000.0,2511316000.0,-36.735785858813855
CUBE,414849000.0,388099000.0,-6.4481293193427005
NUS,296607000.0,296607000.0,0.0
MRK,28420000000.0,28420000000.0,0.0
GEL,858755000.0,858755000.0,0.0
RIGL,56027000.0,63299000.0,12.979456333553467
RCL,9817000000.0,9817000000.0,0.0
TALK,19023000.0,19023000.0,0.0
POWL,428015000.0,428015000.0,0.0
AGYS,111024000.0,111024000.0,0.0
YOU,643054000.0,643054000.0,0.0
FLYW,289775000.0,289775000.0,0.0
IONS,465822000.0,309318000.0,-33.59738269124258
ACN,18976127000.0,18976127000.0,0.0
PLYM,103827000.0,103827000.0,0.0
SOI,65533000.0,65533000.0,0.0
OPK,193096000.0,193096000.0,0.0
VST,8867000000.0,8432000000.0,-4.905830607871884
PEN,158345000.0,158345000.0,0.0
CEVA,29466000.0,30529000.0,3.607547682074255
PGEN,21518000.0,21518000.0,0.0
SXI,127565000.0,127565000.0,0.0
GIII,513535000.0,493628000.0,-3.8764641163698674
FL,1330000000.0,1330000000.0,0.0
CMRX,23871000.0,23871000.0,0.0
VPG,53039000.0,53039000.0,0.0
PTGX,46888000.0,47398000.0,1.087698344992322
AHCO,540482000.0,566987000.0,4.9039560984454615
WOR,240619000.0,178376000.0,-25.867865796134137
BDC,622704000.0,622704000.0,0.0
COO,1022800000.0,1022800000.0,0.0
FOUR,1379000000.0,1379800000.0,0.0580130529369108
CSTL,47727000.0,49392000.0,3.488591363379219
MLNK,57029000.0,57029000.0,0.0
TSLA,28821000000.0,28821000000.0,0.0
BJRI,196309000.0,196309000.0,0.0
NRIX,95854000.0,95854000.0,0.0
UNP,5254000000.0,5254000000.0,0.0
CAH,35640000000.0,35640000000.0,0.0
LSEA,494309000.0,403984000.0,-18.272983093571025
IVZ,2314500000.0,830400000.0,-64.12184057031757
PGNY,168627000.0,168627000.0,0.0
DECK,729075000.0,719993000.0,-1.2456880293522614
HP,446949000.0,446949000.0,0.0
OI,2160000000.0,2160000000.0,0.0
VMI,811425000.0,811425000.0,0.0
VRTS,2667477000.0,207525000.0,-92.22017659383755
MDLZ,19549000000.0,19549000000.0,0.0
AVNW,225264000.0,218857000.0,-2.844218339370694
TXG,108347000.0,117633000.0,8.570611092139146
TGI,395078000.0,356262000.0,-9.824895337123301
WST,550400000.0,550400000.0,0.0
CLVT,1433500000.0,1433500000.0,0.0
ASTE,271700000.0,271700000.0,0.0
SIRI,2731000000.0,2731000000.0,0.0
GMED,368574000.0,855913000.0,132.22283720501176
STLD,2150583000.0,2150583000.0,0.0
AYI,687900000.0,687900000.0,0.0
RL,2133700000.0,1467200000.0,-31.236818671790783
NWPX,99810000.0,75133000.0,-24.72397555355175
ITT,1333200000.0,1333200000.0,0.0
WMS,398396000.0,439622000.0,10.347995461801824
PG,33628000000.0,33627000000.0,-0.0029737123825383607
AVAH,402167000.0,402167000.0,0.0
KLAC,4158848000.0,4660774000.0,12.068870995044783
APAM,669407000.0,501398000.0,-25.09818391501732
SLAB,97883000.0,97883000.0,0.0
SRDX,20543000.0,20543000.0,0.0
GDRX,123903000.0,123903000.0,0.0
ALE,404200000.0,404200000.0,0.0
MCFT,77936000.0,77936000.0,0.0
HROW,91343000.0,91343000.0,0.0
PRCT,53133000.0,53133000.0,0.0
SPR,3567400000.0,3567400000.0,0.0
GO,349624000.0,349624000.0,0.0
GOGO,182028000.0,182028000.0,0.0
COTY,2601800000.0,2601800000.0,0.0
RDVT,10307000.0,10307000.0,0.0
COCO,96371000.0,103266000.0,7.154641956605203
ICFI,449180000.0,449180000.0,0.0
FLUT,2531000000.0,4590000000.0,81.35124456736467
KFRC,112457000.0,112457000.0,0.0
JOUT,90444000.0,90444000.0,0.0
LVS,5801000000.0,5801000000.0,0.0
SANM,1940679000.0,1940679000.0,0.0
HWKN,97222000.0,103307000.0,6.2588714488490265
AMH,521759000.0,400779000.0,-23.186950296976192
RGR,55005000.0,60809000.0,10.551768021088993
THR,112663000.0,109269000.0,-3.012524076227333
LULU,1839630000.0,1839630000.0,0.0
ELAN,1315000000.0,1315000000.0,0.0
TSHA,26227000.0,26227000.0,0.0
NRP,31865000.0,31865000.0,0.0
LUMN,7372000000.0,3639000000.0,-50.63754747693977
LXU,135634000.0,135634000.0,0.0
CORT,140773000.0,140773000.0,0.0
NKE,10593000000.0,10593000000.0,0.0
AR,1445927000.0,1445927000.0,0.0
IPAR,332427000.0,332427000.0,0.0
HASI,375696000.0,275639000.0,-26.632436863847364
MSM,605427000.0,605427000.0,0.0
HAE,578113000.0,300383000.0,-48.04078095458846
PJT,379171000.0,79916000.0,-78.92349362161136
VRT,3097000000.0,3097000000.0,0.0
CELH,365535000.0,365535000.0,0.0
AORT,66823000.0,66823000.0,0.0
PODD,528500000.0,528400000.0,-0.01892147587511826
SLM,21471845000.0,21068568000.0,-1.8781665012950681
CSL,988000000.0,665800000.0,-32.611336032388664
DCI,782500000.0,782500000.0,0.0
MRCY,242129000.0,234416000.0,-3.185492031107385
LIN,14544000000.0,14544000000.0,0.0
SXC,205800000.0,205800000.0,0.0
BGNE,2214899000.0,2214899000.0,0.0
UNIT,1852694000.0,1706991000.0,-7.864385592008179
ATO,1205875000.0,1205875000.0,0.0
BRX,585241000.0,1080666000.0,84.65315998024745
SMLR,6313000.0,6313000.0,0.0
DLTR,8585900000.0,8585900000.0,0.0
POST,944900000.0,944900000.0,0.0
SNDR,704500000.0,704500000.0,0.0
SM,789000000.0,789950000.0,0.12040557667934094
ESTA,287855000.0,68278000.0,-76.2804189609352
SRPT,731684000.0,731684000.0,0.0
FDP,533100000.0,533100000.0,0.0
IQV,6957000000.0,6957000000.0,0.0
UP,917284000.0,917284000.0,0.0
CLH,1204090000.0,1102666000.0,-8.423290617810961
TCOM,10294401781.0,74010000000.0,618.9344419857164
BRBR,203700000.0,203700000.0,0.0
ORA,598078000.0,598078000.0,0.0
CMCSA,39581000000.0,39581000000.0,0.0
ZTS,3684000000.0,3412000000.0,-7.38327904451683
BPMC,260796000.0,260796000.0,0.0
TREX,342477000.0,342477000.0,0.0
OIS,157703000.0,157703000.0,0.0
X,3373000000.0,3373000000.0,0.0
FCFS,339404000.0,339404000.0,0.0
MAR,8649000000.0,8649000000.0,0.0
KAI,191565000.0,191565000.0,0.0
AGNC,77785000000.0,0.0,-100.0
FSLR,3405267000.0,2077442000.0,-38.993271305891724
ATUS,2069323000.0,2254796000.0,8.962979679827654
FPI,273091000.0,68126000.0,-75.0537366665324
ACLS,207522000.0,207522000.0,0.0
OXM,248275000.0,248275000.0,0.0
BLCO,1738000000.0,1738000000.0,0.0
INFN,626771000.0,626771000.0,0.0
WCC,3804000000.0,3804000000.0,0.0
SSD,366348000.0,366348000.0,0.0
VECO,192282000.0,192282000.0,0.0
PHM,2652741000.0,2789277000.0,5.146978163341238
ARRY,437814000.0,437814000.0,0.0
PLAB,183811000.0,183811000.0,0.0
VVV,353900000.0,353900000.0,0.0
FIX,2582770000.0,2582770000.0,0.0
FLT,8707881000.0,8707881000.0,0.0
TBLA,485582000.0,485582000.0,0.0
BFLY,48215000.0,48215000.0,0.0
HWM,1549000000.0,1549000000.0,0.0
CMI,12299000000.0,11234000000.0,-8.659240588665746
RBBN,328873000.0,328873000.0,0.0
CWAN,77052000.0,77052000.0,0.0
LZB,437281000.0,437281000.0,0.0
RBA,953300000.0,1331300000.0,39.651736074687925
TAP,3045200000.0,3045200000.0,0.0
ENVA,282135000.0,483303000.0,71.3020362592376
OHI,328193000.0,328193000.0,0.0
CRDO,44620000.0,44620000.0,0.0
LNN,125816000.0,125816000.0,0.0
VERV,42909000.0,42909000.0,0.0
WFRD,1696000000.0,1696000000.0,0.0
CACC,433100000.0,0.0,-100.0
CHD,1315900000.0,1315900000.0,0.0
SRE,9676000000.0,9676000000.0,0.0
CSX,3276000000.0,3276000000.0,0.0
SSP,482394000.0,482394000.0,0.0
CHRW,2324898000.0,2324898000.0,0.0
BIIB,10076000000.0,5528800000.0,-45.129019452163554
ANGI,231678000.0,231678000.0,0.0
EXPE,13611000000.0,13611000000.0,0.0
WPC,794606000.0,1332687000.0,67.71670488267141
DTE,5106000000.0,5106000000.0,0.0
TSN,4787000000.0,4787000000.0,0.0
ALGN,2134493000.0,2038027000.0,-4.519387039451523
CNK,812300000.0,1281700000.0,57.786532069432475
COR,58865751000.0,54277053000.0,-7.79519146880501
FDS,707518000.0,667066000.0,-5.717451711475892
RPD,630216000.0,630216000.0,0.0
AAPL,165480000000.0,176392000000.0,6.594150350495529
BLDR,1777276000.0,1777276000.0,0.0
TASK,158521000.0,152025000.0,-4.097879776181074
VRNT,518683000.0,418171000.0,-19.378310066071183
INFA,1090717000.0,1090717000.0,0.0
TNGX,35716000.0,38170000.0,6.8708701982304845
BHC,6752000000.0,6752000000.0,0.0
UFPT,76295000.0,76295000.0,0.0
DOMO,238010000.0,237800000.0,-0.0882315869081131
CMG,1168768000.0,1168768000.0,0.0
TEL,5157000000.0,4746000000.0,-7.969749854566609
RICK,48078000.0,48078000.0,0.0
HUBS,1082522000.0,1573399000.0,45.34568350573937
BJ,2534082000.0,2534082000.0,0.0
APLE,232609000.0,203524000.0,-12.503815415568614
LGIH,1721306000.0,137926000.0,-91.98713070192052
CHE,285695000.0,285695000.0,0.0
INGR,1281000000.0,1281000000.0,0.0
EPAM,821039000.0,821039000.0,0.0
NTGR,270083000.0,270083000.0,0.0
CNC,34261000000.0,34261000000.0,0.0
FI,22157000000.0,22157000000.0,0.0
AVGO,16697000000.0,16697000000.0,0.0
WRE,581401000.0,698953000.0,20.218747473774553
HTGC,54861000.0,54861000.0,0.0
CUZ,3931979000.0,656329000.0,-83.3079220412927
WDAY,5548000000.0,5055000000.0,-8.886085075702956
ATI,1208500000.0,1208500000.0,0.0
WMT,96584000000.0,92415000000.0,-4.316449929594964
HTZ,19104000000.0,3164000000.0,-83.43802345058626
URGN,167336000.0,45949000.0,-72.54087584261606
DOCU,1831910000.0,1660621000.0,-9.350295593124116
CRS,466300000.0,466300000.0,0.0
CMC,834850000.0,834850000.0,0.0
PLXS,1660492000.0,1643294000.0,-1.0357171248039738
FRT,1470936000.0,311248000.0,-78.8401398837203
RES,194088000.0,181913000.0,-6.27292774411607
FTK,45579000.0,50368000.0,10.507031747076505
PAY,81550000.0,81550000.0,0.0
MCY,6218086000.0,20752000.0,-99.66626386318876
BLD,767182000.0,767182000.0,0.0
SMPL,108615000.0,108615000.0,0.0
SAIC,1396000000.0,1158000000.0,-17.048710601719197
EXP,245004000.0,245004000.0,0.0
SON,4038291000.0,4038291000.0,0.0
MMS,807529000.0,807529000.0,0.0
MDXG,45595000.0,45595000.0,0.0
K,4660000000.0,4660000000.0,0.0
SPB,687100000.0,687100000.0,0.0
BRK-A,273858000000.0,75652000000.0,-72.37546465686596
MPWR,359760000.0,294567000.0,-18.12124749833222
WYNN,1539534000.0,1539534000.0,0.0
BYD,622685000.0,622685000.0,0.0
TTD,2808973000.0,2873465000.0,2.295928084748412
MNDY,575615000.0,575615000.0,0.0
NRC,35858000.0,35858000.0,0.0
DT,1381286000.0,1258551000.0,-8.885560267750488
EXEL,403769000.0,403769000.0,0.0
ABNB,10161000000.0,10161000000.0,0.0
KO,25249000000.0,25249000000.0,0.0
TRTX,48565000.0,0.0,-100.0
SNX,17221235000.0,17221235000.0,0.0
HSII,523907000.0,483013000.0,-7.805583815448161
GRC,87527000.0,87527000.0,0.0
ADSK,5093000000.0,4351000000.0,-14.569016296878068
GERN,88298000.0,88298000.0,0.0
QURE,474983000.0,40053000.0,-91.56748767850638
KBH,2872834000.0,936147000.0,-67.41381506902243
CNXC,1995813000.0,1995813000.0,0.0
MKC,2882800000.0,2882800000.0,0.0
NTAP,4106000000.0,4106000000.0,0.0
EVTC,279660000.0,279660000.0,0.0
AVT,4465269000.0,4465269000.0,0.0
OTTR,280483000.0,309790000.0,10.448761600524808
FHI,289193000.0,289193000.0,0.0
UPWK,268433000.0,268433000.0,0.0
KRC,620720000.0,563301000.0,-9.250386647763888
AMLX,28406000.0,28406000.0,0.0
ALB,1966464000.0,1966464000.0,0.0
TMHC,1227273000.0,755296000.0,-38.45737663910149
MDB,578265000.0,564220000.0,-2.42881723777161
ZETA,186610000.0,199337000.0,6.820106103638604
ST,711300000.0,711358000.0,0.00815408407141853
HCA,15177000000.0,15177000000.0,0.0
OSPN,110075000.0,110275000.0,0.18169429934135817
VCTR,249493000.0,197845000.0,-20.7011819970901
COKE,1313169000.0,1313169000.0,0.0
ALGT,1277404000.0,1277404000.0,0.0
WHD,178824000.0,178824000.0,0.0
INTA,300647000.0,349858000.0,16.36836555827931
BCO,1898400000.0,1898400000.0,0.0
PII,2293200000.0,2293200000.0,0.0
LSCC,99622000.0,99622000.0,0.0
MP,227226000.0,164019000.0,-27.81679913390193
INVA,44055000.0,236083000.0,435.8824197026444
METC,122428000.0,122428000.0,0.0
WHR,7323000000.0,7323000000.0,0.0
DH,145035000.0,161161000.0,11.118695487296169
NUE,4977000000.0,4977000000.0,0.0
HLIO,285900000.0,138600000.0,-51.52151101783841
MGEE,125563000.0,125563000.0,0.0
CAG,3241800000.0,3241800000.0,0.0
TOST,811000000.0,811000000.0,0.0
DVN,3309000000.0,3309000000.0,0.0
ALHC,351845000.0,351845000.0,0.0
PPC,2552133000.0,2552133000.0,0.0
SCS,619400000.0,607100000.0,-1.9857927026154343
PVH,2741800000.0,2741800000.0,0.0
ENPH,660091000.0,660091000.0,0.0
JBL,11891000000.0,11782000000.0,-0.9166596585653015
IBP,359000000.0,359000000.0,0.0
MMI,47298000.0,133017000.0,181.23176455664088
KEYS,1384000000.0,1427000000.0,3.106936416184971
PLYA,189211000.0,176630000.0,-6.649190586170994
PYPL,45490000000.0,48376000000.0,6.344251483842603
GLW,4919000000.0,4919000000.0,0.0
OSW,79405000.0,79405000.0,0.0
VFC,2697853000.0,3456979000.0,28.138152820038748
INTU,7491000000.0,7491000000.0,0.0
LANC,183969000.0,183969000.0,0.0
MKSI,775000000.0,775000000.0,0.0
XHR,117433000.0,115462000.0,-1.6784038558156567
CIEN,985385000.0,999840000.0,1.4669393181345363
PWP,646986000.0,413492000.0,-36.08949807260126
OLO,59594000.0,59594000.0,0.0
AMR,251109000.0,251109000.0,0.0
GLDD,216013000.0,216013000.0,0.0
CASY,953466000.0,953466000.0,0.0
VERX,537376000.0,537376000.0,0.0
UNFI,2365000000.0,2365000000.0,0.0
GTBIF,164969000.0,164969000.0,0.0
MELI,13366000000.0,16603000000.0,24.218165494538383
TGLS,265826000.0,265826000.0,0.0
AMRX,1029771000.0,1129771000.0,9.710896888725745
BSY,814334000.0,814334000.0,0.0
BMI,118205000.0,118205000.0,0.0
NNN,29699000.0,29699000.0,0.0
HAL,6464000000.0,6050000000.0,-6.40470297029703
TENB,731291000.0,738092000.0,0.9299991385098408
FCPT,42569000.0,53284000.0,25.170899011017404
BXC,233724000.0,233724000.0,0.0
ARIS,98462000.0,134518000.0,36.61920334748431
SQ,8546798000.0,8546798000.0,0.0
WIT,1378091792.0,252458000000.0,18219.389279114144
LAD,6965300000.0,6551100000.0,-5.946621107489986
COMP,329600000.0,353200000.0,7.160194174757281
DLB,405598000.0,417836000.0,3.017273260716276
SMCI,2345721000.0,2345721000.0,0.0
UFPI,512448000.0,512448000.0,0.0
OPCH,780146000.0,780146000.0,0.0
GRPN,305426000.0,305426000.0,0.0
REXR,3831541000.0,428804000.0,-88.80857597504502
NVR,1234370000.0,1150431000.0,-6.800149063894942
KEX,557537000.0,734753000.0,31.78551378652897
OKTA,2014000000.0,1782000000.0,-11.519364448857994
REPX,122764000.0,122764000.0,0.0
INSP,88501000.0,88501000.0,0.0
PCRX,301033000.0,309920000.0,2.9521680347337336
CRVL,204036000.0,184499000.0,-9.575271030602444
CLOV,213516000.0,213516000.0,0.0
WWD,923510000.0,923510000.0,0.0
APPF,63280000.0,63280000.0,0.0
LECO,878802000.0,878802000.0,0.0
TEAM,2610126000.0,2610126000.0,0.0
FIGS,79546000.0,90142000.0,13.320594373067157
FICO,380285000.0,380285000.0,0.0
ECL,4792800000.0,4792800000.0,0.0
OCGN,21588000.0,21588000.0,0.0
NIO,8667135744.0,62311024000.0,618.9344420172035
REYN,539000000.0,539000000.0,0.0
TWST,71006000.0,71006000.0,0.0
EBAY,6098000000.0,6098000000.0,0.0
DASH,4370000000.0,4438000000.0,1.5560640732265447
RPM,1466064000.0,1466064000.0,0.0
BCSF,101030000.0,102215000.0,1.172918934969811
LRN,244280000.0,244280000.0,0.0
DV,103482000.0,103482000.0,0.0
AMPH,173759000.0,173759000.0,0.0
ETSY,758595000.0,665113000.0,-12.323044575827682
LQDT,155153000.0,155153000.0,0.0
LEVI,2010500000.0,2010500000.0,0.0
CRCT,203374000.0,203374000.0,0.0
ACAD,394870000.0,394870000.0,0.0
BGCP,1175188000.0,0.0,-100.0
FROG,317515000.0,317515000.0,0.0
PRIM,1670700000.0,1670686000.0,-0.0008379721074998504
SPG,4541744000.0,3395306000.0,-25.242241746782735
GRMN,1507858000.0,1507858000.0,0.0
PBI,1672727000.0,1672727000.0,0.0
APTV,5131000000.0,5131000000.0,0.0
IONQ,36085000.0,36085000.0,0.0
USLM,16962000.0,16962000.0,0.0
WW,157828000.0,173331000.0,9.822718402311377
HPK,284630000.0,284630000.0,0.0
NTNX,1383830000.0,1244341000.0,-10.079923111942941
UBER,11476000000.0,11476000000.0,0.0
PTEN,841993000.0,841993000.0,0.0
NSC,3545000000.0,3545000000.0,0.0
VRNS,461567000.0,709885000.0,53.7989067675982
NAMS,106918000.0,106918000.0,0.0
EDR,4997391000.0,4997391000.0,0.0
GHC,1199799000.0,1199799000.0,0.0
TSCO,2319193000.0,2319193000.0,0.0
HUBG,579481000.0,579481000.0,0.0
AFRM,372418000.0,124959000.0,-66.44657347389223
TNC,292200000.0,292200000.0,0.0
KROS,27450000.0,27450000.0,0.0
ATRO,156152000.0,156152000.0,0.0
CZR,2272000000.0,2272000000.0,0.0
ZM,1903294000.0,1762187000.0,-7.413830968836134
GNTX,252692676.0,252692676.0,0.0
SN,1529452000.0,1529452000.0,0.0
ARCO,786852000.0,765924000.0,-2.659712372847753
VSEC,298500000.0,281844000.0,-5.579899497487437
TRIN,829787000.0,31451000.0,-96.20975021300647
WAT,789758000.0,789758000.0,0.0
CRWD,3461050000.0,2697279000.0,-22.067609540457376
FLR,3071000000.0,3071000000.0,0.0
LRCX,5151742000.0,4338438000.0,-15.786970698455008
GSHD,46457000.0,16597999.0,-64.27234001334567
AXSM,230104000.0,230104000.0,0.0
OM,48917000.0,45378000.0,-7.234703681746632
ENR,819800000.0,819800000.0,0.0
MNST,1097519000.0,1097519000.0,0.0
HRMY,175082000.0,175082000.0,0.0
PM,22915000000.0,22915000000.0,0.0
CME,102313900000.0,102313900000.0,0.0
GAMB,29736000.0,29736000.0,0.0
AEHR,10508000.0,10508000.0,0.0
MC,899553000.0,676318000.0,-24.816214275312294
KNX,1706751000.0,1706751000.0,0.0
STGW,1367296000.0,1367296000.0,0.0
FOX,2353000000.0,2952000000.0,25.456863578410537
LOGI,1189572000.0,1085889000.0,-8.715991970221221
OLN,1632200000.0,1632200000.0,0.0
DUOL,422231000.0,422231000.0,0.0
RMD,1047998000.0,910655000.0,-13.105273101666223
BR,1891000000.0,1421800000.0,-24.812268640930725
EHC,841000000.0,841000000.0,0.0
GME,665400000.0,665400000.0,0.0
CYTK,778866000.0,179674000.0,-76.93133350281049
MATX,308200000.0,560400000.0,81.82998053212201
AROC,188604000.0,188604000.0,0.0
TDW,331613000.0,331613000.0,0.0
CBRE,9287000000.0,9287000000.0,0.0
ABT,14157000000.0,14157000000.0,0.0
AMED,408392000.0,514392000.0,25.955454563262748
EME,4153863000.0,4153863000.0,0.0
RCII,419691000.0,388462000.0,-7.4409506041349465
JNJ,50321000000.0,50321000000.0,0.0
CWEN,1033000000.0,718000000.0,-30.493707647628266
HBI,1248540000.0,1248540000.0,0.0
UTI,204963000.0,204963000.0,0.0
RRX,1215700000.0,1215700000.0,0.0
AON,22995000000.0,22995000000.0,0.0
DAKT,192296000.0,192296000.0,0.0
GDYN,55544000.0,55544000.0,0.0
SLB,12811000000.0,12811000000.0,0.0
RRC,1174582000.0,1274070000.0,8.470077014631588
VIR,119662000.0,119662000.0,0.0
CVLG,181277000.0,181277000.0,0.0
TWLO,820220000.0,820220000.0,0.0
KR,15940000000.0,15940000000.0,0.0
HPE,25973000000.0,25973000000.0,0.0
TXN,3643000000.0,3643000000.0,0.0
LYTS,79207000.0,79207000.0,0.0
SPOT,4755313925.0,4449921457.0,-6.422130543148105
CTRE,110706000.0,110706000.0,0.0
ROK,3604000000.0,3603900000.0,-0.002774694783573807
AXTA,1354000000.0,1354000000.0,0.0
WTS,417900000.0,417900000.0,0.0
HUBB,1274200000.0,1274200000.0,0.0
BSX,6398000000.0,6399000000.0,0.01562988433885589
NTES,6908509886.0,49667657000.0,618.9344420082662
APP,1057472000.0,1057472000.0,0.0
HLT,4700000000.0,4700000000.0,0.0
CHDN,3805500000.0,729300000.0,-80.8356326369728
BLBD,235973000.0,235973000.0,0.0
STRA,194238000.0,216460000.0,11.440603795343856
TRIP,628000000.0,628000000.0,0.0
HST,1188000000.0,1397000000.0,17.59259259259259
WY,977000000.0,977000000.0,0.0
ROL,645162000.0,645162000.0,0.0
CNXN,371205000.0,371205000.0,0.0
CXW,298196000.0,285797000.0,-4.15800346081101
EQR,3226842000.0,980696000.0,-69.60818038193379
URBN,1075679000.0,994205000.0,-7.5741926727211375
FORM,122982000.0,131345000.0,6.800182140475843
GD,17824000000.0,17824000000.0,0.0
HY,1041500000.0,1057900000.0,1.57465194431109
WES,1691694000.0,1691694000.0,0.0
ZBH,2450900000.0,2450900000.0,0.0
STAG,150280000.0,559280000.0,272.15863721054035
GCMG,194645000.0,61528000.0,-68.38963240771662
BMRN,606988000.0,606988000.0,0.0
CPRX,120678000.0,120678000.0,0.0
CMPR,663963000.0,663963000.0,0.0
RGEN,111683000.0,126787000.0,13.52399201310853
NCLH,5780865000.0,5780865000.0,0.0
SPSC,146684000.0,146684000.0,0.0
MRNA,2206000000.0,2206000000.0,0.0
DRQ,152111000.0,162658000.0,6.9337523256043285
DDOG,1862713000.0,1862713000.0,0.0
EZPW,269377000.0,269377000.0,0.0
ICHR,135670000.0,135670000.0,0.0
KNF,370037000.0,370037000.0,0.0
CURV,222627000.0,263132000.0,18.194109429673848
NR,44659000.0,44659000.0,0.0
CHEF,425396000.0,425396000.0,0.0
WSR,680729000.0,49153000.0,-92.7793585993839
EOLS,62960000.0,62960000.0,0.0
EYE,468274000.0,468274000.0,0.0
MGNI,1492343000.0,1495984000.0,0.2439787635952325
KOS,594948000.0,594948000.0,0.0
CENT,515384000.0,515384000.0,0.0
LAUR,367895000.0,367895000.0,0.0
TPR,1711600000.0,1711600000.0,0.0
LE,227623000.0,227623000.0,0.0
CRI,508816000.0,508816000.0,0.0
TPX,960300000.0,960300000.0,0.0
TNDM,228841000.0,247049000.0,7.956616165809447
ANIP,194452000.0,193680000.0,-0.3970131446320943
TPB,44820000.0,44820000.0,0.0
GH,225583000.0,225583000.0,0.0
LNTH,240526000.0,240526000.0,0.0
EQIX,3349000000.0,3349000000.0,0.0
OC,2297000000.0,2297000000.0,0.0
ALTM,418554000.0,789000000.0,88.5061425765851
QCOM,10592000000.0,10504000000.0,-0.8308157099697886
FN,557942000.0,557942000.0,0.0
GXO,3189000000.0,3189000000.0,0.0
LII,1313300000.0,1313300000.0,0.0
KTB,393905000.0,393905000.0,0.0
SOFI,26535127000.0,26862304000.0,1.232995794593333
AGS,47855000.0,47855000.0,0.0
BAH,1805000000.0,1692000000.0,-6.260387811634349
BKD,579763000.0,579763000.0,0.0
FTNT,4060700000.0,4060700000.0,0.0
ROG,123500000.0,123500000.0,0.0
DXPE,243984000.0,243984000.0,0.0
SABR,1090567000.0,1141775000.0,4.695539109472413
VRDN,47874000.0,47874000.0,0.0
ENTG,525200000.0,525178000.0,-0.004188880426504189
KNSA,98628000.0,100621000.0,2.0207243379162105
WAB,3792000000.0,3792000000.0,0.0
SATL,21246000.0,34621000.0,62.95302645203803
TGTX,90679000.0,90679000.0,0.0
LLY,28376000000.0,28376600000.0,0.0021144629264166904
CTS,98463000.0,97553000.0,-0.9242050313315662
GRBK,237870000.0,229527000.0,-3.507377979568672
RKLB,339525000.0,339525000.0,0.0
ASPN,106833000.0,110112000.0,3.069276347196091
HALO,139100000.0,139100000.0,0.0
LYV,9358280000.0,9358279000.0,-1.0685724299764486e-05
ROST,4661825000.0,4661825000.0,0.0
RPAY,85910000.0,102247000.0,19.016412524735188
ANET,2732200000.0,2732222000.0,0.0008052119171363736
PLTR,952025000.0,996018000.0,4.6209920957958035
FTAI,347246000.0,347246000.0,0.0
DX,6989031000.0,6647107000.0,-4.892294797376059
TRMB,1788000000.0,1788000000.0,0.0
SUPN,292397000.0,292397000.0,0.0
FCX,5496000000.0,5496000000.0,0.0
ADUS,155871000.0,155871000.0,0.0
NEE,25355000000.0,25355000000.0,0.0
WRBY,130354000.0,130354000.0,0.0
MSCI,1585654000.0,1585654000.0,0.0
MORN,1158600000.0,967300000.0,-16.51130674952529
NOW,8358000000.0,8358000000.0,0.0
TNET,2893000000.0,2981000000.0,3.041825095057034
SCI,723839000.0,723839000.0,0.0
CTAS,1828519000.0,1828519000.0,0.0
FANG,4811000000.0,4811000000.0,0.0
PD,311732000.0,281655000.0,-9.648351789357525
ISRG,1745300000.0,1745300000.0,0.0
DGX,2169000000.0,2169000000.0,0.0
ADPT,98053000.0,98053000.0,0.0
DEI,5671680000.0,162836000.0,-97.12896355224554
PSN,1915644000.0,1915644000.0,0.0
ZIP,81594000.0,81594000.0,0.0
SPXC,418300000.0,418300000.0,0.0
CNX,1122578000.0,1122578000.0,0.0
PBH,106623000.0,117048000.0,9.77744013955713
INMD,33873000.0,69851000.0,106.21438904141942
NCMI,133400000.0,73500000.0,-44.90254872563718
MQ,370985000.0,370985000.0,0.0
MCK,61604000000.0,52357000000.0,-15.010388935783393
GES,831332000.0,791557000.0,-4.784490432222024
CAPR,24402435.0,21026176.0,-13.835746309743268
IDCC,725810000.0,725810000.0,0.0
LEGH,32742000.0,32742000.0,0.0
ITOS,39024000.0,40360000.0,3.4235342353423537
RRR,325202000.0,325202000.0,0.0
NUTX,154225000.0,140866125.0,-8.661938725887502
KOP,325800000.0,325800000.0,0.0
MRTN,93519000.0,93519000.0,0.0
VEC,996224000.0,996224000.0,0.0
CWK,2329900000.0,2329900000.0,0.0
NEU,359141000.0,374478000.0,4.270467587938999
PRGS,455145000.0,455145000.0,0.0
RVLV,196097000.0,196097000.0,0.0
MEDP,393968000.0,1104553000.0,180.36617187182716
HUYA,274528508.0,1937894000.0,605.899002663869
UTHR,738100000.0,738100000.0,0.0
EMR,5742000000.0,5742000000.0,0.0
PDM,2301299000.0,271376000.0,-88.20770356220552
VRTX,3564600000.0,3564600000.0,0.0
MHO,280745000.0,267906000.0,-4.573189193039947
CTOS,1000701000.0,1000701000.0,0.0
BCRX,126771000.0,160384000.0,26.51473917536345
CLDX,39501000.0,39501000.0,0.0
MLAB,163963000.0,44312000.0,-72.97439056372474
RUN,1334482000.0,1334482000.0,0.0
AVPT,222955000.0,222955000.0,0.0
ZS,3112887000.0,3112887000.0,0.0
WEAV,76620000.0,76620000.0,0.0
MIRM,126551000.0,126551000.0,0.0
SBUX,15033600000.0,9070000000.0,-39.668475947211576
ALKS,465199000.0,465199000.0,0.0
KMI,5101000000.0,5101000000.0,0.0
NDSN,528477000.0,528477000.0,0.0
TMUS,20174000000.0,20174000000.0,0.0
RMBS,76195000.0,81812000.0,7.371874794934051
TPG,5053574000.0,45606000.0,-99.09754957580516
BELFB,128069000.0,128069000.0,0.0
CSCO,56795000000.0,40584000000.0,-28.543005546262872
ALG,190309000.0,190309000.0,0.0
TROX,874000000.0,874000000.0,0.0
SENS,38849000.0,38849000.0,0.0
AMKR,1525869000.0,1455275000.0,-4.626478419838138
DY,551330000.0,506304000.0,-8.166796655360674
NCNO,251512000.0,215036000.0,-14.502687744521136
GDOT,4502485000.0,4502485000.0,0.0
LAND,548898000.0,24976000.0,-95.44979212895657
DRI,2192500000.0,2192500000.0,0.0
LVWR,29854000.0,29854000.0,0.0
AEE,3413000000.0,3413000000.0,0.0
MSI,5055000000.0,5055000000.0,0.0
ADMA,55542000.0,55542000.0,0.0
RDFN,332563000.0,332563000.0,0.0
PRGO,1044200000.0,1044200000.0,0.0
CUK,11617000000.0,11617000000.0,0.0
VRRM,199741000.0,199741000.0,0.0
AGX,479857000.0,302260000.0,-37.01040101530248
NNOX,13972000.0,13972000.0,0.0
CCCS,154846000.0,154846000.0,0.0
CSGP,552000000.0,552300000.0,0.05434782608695652
AUPH,97763000.0,97763000.0,0.0
ARW,12636162000.0,12636162000.0,0.0
APOG,270166000.0,244705000.0,-9.424205858620256
DNB,1007200000.0,1007200000.0,0.0
BROS,203071000.0,203071000.0,0.0
JJSF,174073000.0,174073000.0,0.0
NXPI,3108000000.0,3098000000.0,-0.32175032175032175
PAGP,4924000000.0,4924000000.0,0.0
LIVN,392125000.0,392125000.0,0.0
CAKE,711420000.0,711420000.0,0.0
EVCM,110726000.0,110726000.0,0.0
RSKD,70539000.0,70539000.0,0.0
PACK,69700000.0,68400000.0,-1.8651362984218076
G,963739000.0,963739000.0,0.0
TRNO,244629000.0,210087000.0,-14.120157462933665
NET,746028000.0,793654000.0,6.38394269383991
CCRN,120402000.0,120402000.0,0.0
BL,422243000.0,422243000.0,0.0
BRKR,1281300000.0,1281300000.0,0.0
ANF,1126944000.0,1126944000.0,0.0
EPR,432804000.0,220404000.0,-49.075332020960985
XPRO,467177000.0,484430000.0,3.693032833380068
IMCR,603194000.0,212181000.0,-64.82375487819839
AZO,8714243000.0,8714243000.0,0.0
CXM,517583000.0,508160000.0,-1.8205775692014612
ATMU,344900000.0,344900000.0,0.0
IBRX,538936000.0,54944000.0,-89.80509745127436
NVDA,18047000000.0,10631000000.0,-41.092702388208565
LOPE,110966000.0,110966000.0,0.0
